10,34,34,9,10,6,36,2,14,21,2,5,30,7,35,27,9,33,31,9,8,12,11,2,1,23,34,14,18,20,11,34,10,18,34,28,9,16,2,33,18,33,2,7,11,25,21,23,16,35,14,5,21,23,18,36,14,18,11,28,2,18,12,36,22,12,33,1,7,11,1,9,12,21,7,27,20,12,12,8,2,1,1,14,36,4,14,23,18,35,12,28,4,18,2,22,15,34,31,12,2,35,17,14,18,35,20,11,1,20,36,18,5,9,20,7,5,20,11,18,3,18,2,2,14,9,9,23,34,18,2,1,36,18,30,23,21,20,8,4,12,9,28,21,36,29,18,9,36,34,18,14,36,13,28,7,2,28,36,21,1,15,32,17,1,23,11,20,14,23,35,1,2,7,11,11,33,21,18,2,14,26,21,1,11,17,17,33,23,7,18,20,9,28,14,16,34,34,30,25,18,23,1,28,28,10,5,9,36,33,7,15,23,7,20,33,21,12,3,15,34,33,14,11,14,14,21,11,1,7,11,20,30,36,2,18,1,35,3,33,14,12,0,28,19,34,5,34,7,5,7,23,12,23,35,18,2,11,34,7,24,7,18,14,1,2,18,21,4,1,18,18,6,2,4,11,25,17,7,1,19,18,12,20,28,11,16,2,34,9,18,13,23,7,18,25,7,11,18,17,21,11,20,20,36,4,9,14,33,36,28,18,18,23,16,14,17,20,6,6,6,18,11,17,18,18,2,12,34,33,16,14,18,16,28,18,35,34,6,11,28,7,34,17,22,0,24,11,9,19,17,35,36,14,2,27,5,18,35,1,14,11,18,7,6,36,3,12,15,35,9,5,20,33,33,21,33,34,6,9,36,12,3,13,8,12,25,11,18,11,20,12,17,36,16,2,18,5,34,36,36,28,2,32,20,35,14,24,18,16,34,4,15,7,18,28,9,5,20,28,4,12,26,33,12,20,14,21,35,13,4,5,4,11,1,36,24,12,36,25,11,5,13,30,18,16,30,7,31,23,1,1,7,25,4,35,23,18,26,36,28,18,9,7,12,36,6,9,16,3,6,5,2,9,6,14,33,23,23,12,13,8,34,36,14,2,18,11,16,30,16,20,18,7,28,14,32,33,20,18,21,7,1,10,15,18,21,11,23,32,2,8,6,7,20,13,23,5,17,19,3,1,2,33,3,20,5,15,9,33,36,9,36,18,18,6,36,7,14,6,12,11,35,20,5,4,25,19,17,11,16,23,35,18,14,6,36,21,14,23,35,2,15,11,9,22,13,6,28,12,31,18,12,7,6,33,33,20,17,36,33,25,9,22,33,34,35,1,16,36,35,23,14,21,16,27,18,36,9,6,2,1,2,1,1,12,21,2,32,4,36,1,32,33,7,26,14,21,20,18,17,2,23,21,31,11,4,34,12,6,28,14,36,28,2,9,7,18,12,9,1,20,11,16,11,12,9,28,6,8,12,36,32,28,2,11,10,32,18,5,14,12,16,28,11,12,9,33,1,17,32,32,12,6,11,9,2,11,11,15,14,9,7,25,32,17,32,0,12,9,28,26,21,27,8,30,23,28,18,0,11,19,23,16,14,12,36,16,12,36,32,4,6,30,1,12,20,11,35,1,4,14,1,32,7,21,1,4,22,28,12,21,28,4,30,2,23,6,9,3,6,20,7,32,12,9,8,2,8,14,20,2,17,6,6,36,12,14,9,26,20,6,18,28,21,29,32,5,11,25,6,35,28,13
35,4,8,4,19,8,33,15,5,17,33,24,15,4,5,7,32,6,6,4,28,31,16,4,29,4,8,10,4,18,11,19,26,10,3,9,4,15,15,1,17,22,33,32,1,21,17,23,32,31,4,4,24,4,4,4,36,4,11,2,22,17,1,36,19,24,4,12,4,11,32,4,10,22,32,7,29,24,14,28,10,4,22,5,36,29,2,23,22,18,4,8,31,4,19,30,1,19,17,36,4,4,22,4,4,21,17,11,4,29,36,4,26,33,11,4,4,8,3,18,29,24,5,4,4,24,4,23,4,4,4,33,19,10,15,35,17,29,28,3,10,4,9,33,36,31,29,4,6,18,29,4,36,4,27,3,4,8,8,17,12,1,32,14,17,23,1,3,4,23,24,4,4,4,20,4,4,17,4,24,26,25,17,32,11,4,4,4,23,4,1,10,35,36,2,32,4,4,15,36,29,19,4,9,9,4,4,18,4,22,4,4,4,10,22,4,10,4,8,4,4,1,4,11,4,18,2,5,4,31,4,19,33,36,11,35,22,16,29,4,4,14,10,33,23,8,26,4,24,4,36,2,14,4,16,8,26,18,32,13,4,31,4,9,12,4,4,17,4,5,4,4,4,21,8,12,4,21,13,9,4,4,1,19,9,11,6,6,31,4,1,23,4,19,4,4,4,4,4,22,17,4,24,4,36,4,27,4,4,18,34,18,29,4,30,36,24,29,4,8,29,34,11,24,4,4,19,19,4,4,4,4,19,4,15,8,10,19,17,11,8,14,4,24,19,14,4,11,4,4,27,4,4,15,4,7,3,18,1,30,4,16,4,31,34,4,4,36,4,18,33,24,1,4,35,22,4,4,4,17,18,36,26,14,35,1,4,31,23,11,35,19,22,22,4,6,3,24,11,36,36,4,26,2,3,4,31,8,4,15,4,1,1,13,34,2,4,18,4,24,24,1,4,36,24,4,18,17,4,6,14,4,8,11,24,6,31,36,31,4,11,24,1,33,4,6,4,13,32,23,9,24,4,23,4,18,4,4,25,4,36,29,4,4,1,36,4,4,2,18,35,22,33,4,4,6,29,4,4,1,8,28,4,36,15,11,29,6,4,33,17,18,18,18,8,4,32,4,18,29,4,4,17,4,4,22,4,19,4,32,22,28,3,19,31,27,4,22,19,19,2,4,9,4,24,34,4,13,4,12,35,35,4,8,8,18,10,19,4,8,3,4,4,22,4,1,11,2,4,4,4,14,32,4,4,4,36,17,4,4,9,33,4,11,4,19,18,4,4,35,30,4,22,5,4,18,23,22,8,36,1,21,4,22,24,6,30,15,4,4,4,4,36,4,4,7,22,31,17,21,4,15,31,32,29,10,17,8,32,36,36,24,32,24,13,1,2,17,29,31,4,32,24,17,4,19,1,36,4,17,12,4,10,9,4,4,14,35,4,4,12,35,4,4,4,22,30,24,34,28,22,4,32,8,9,1,4,32,33,24,10,4,2,17,22,1,31,4,33,1,32,8,12,4,20,5,1,24,19,22,4,4,35,26,32,6,31,0,22,17,17,25,17,7,28,15,23,27,18,0,4,4,23,19,2,22,6,34,33,36,33,35,4,33,9,22,22,4,30,14,33,4,32,33,13,17,15,4,14,33,24,17,24,20,20,12,23,4,24,2,31,29,36,21,24,4,28,12,28,17,24,4,1,29,17,22,14,4,9,25,19,2,4,4,17,31,32,10,16,4,11,4,4,32
26,4,8,4,20,8,27,17,36,8,17,15,27,25,5,7,17,6,18,4,28,20,22,17,17,17,8,10,4,26,11,17,14,10,3,17,17,17,17,1,19,4,17,17,1,24,12,30,17,23,4,20,15,4,19,4,36,26,11,2,6,2,1,4,34,20,4,12,4,11,17,4,10,4,23,7,4,1,14,28,10,4,14,17,4,4,2,4,10,17,4,19,23,4,34,34,1,4,4,4,4,4,1,4,4,24,29,11,4,6,4,4,4,4,11,33,17,8,3,5,4,15,5,4,4,4,17,19,31,4,17,17,32,32,27,4,4,3,28,21,10,17,9,29,6,17,6,4,6,17,4,4,4,34,30,3,4,8,29,2,12,1,20,14,29,1,1,3,4,20,17,17,4,29,11,4,4,15,4,17,4,4,4,17,11,4,4,4,4,17,1,10,17,17,2,36,17,4,27,20,17,20,20,9,9,36,4,17,4,4,4,4,4,10,26,4,10,20,8,4,4,20,4,35,4,27,2,22,4,17,4,14,27,17,15,4,17,16,4,4,27,14,10,26,4,8,15,4,4,4,26,2,20,4,22,8,17,3,4,13,4,23,17,17,12,17,4,19,4,34,4,4,4,24,29,12,4,24,13,9,4,4,1,26,15,11,6,26,32,4,20,1,4,17,4,4,4,36,4,6,10,4,8,32,20,19,30,27,4,26,15,4,4,4,17,4,4,21,4,29,29,35,11,4,4,4,17,20,20,17,25,36,29,4,9,17,10,4,4,11,8,14,4,29,34,14,4,11,29,4,25,4,20,4,17,7,18,15,1,17,4,22,4,34,17,4,17,4,4,17,25,6,32,4,17,17,17,4,32,9,3,20,1,20,30,31,4,23,19,11,30,20,4,3,4,17,3,4,11,20,26,15,17,17,17,4,23,8,4,17,4,1,1,13,26,2,4,26,4,15,4,1,20,17,25,4,15,4,4,29,14,4,8,11,17,6,23,17,23,17,11,17,1,27,4,6,27,13,11,4,9,17,4,4,4,17,4,4,19,4,27,3,17,4,1,17,4,17,2,17,17,26,34,17,33,29,15,4,4,1,8,28,4,21,27,17,17,6,4,27,12,18,18,23,15,26,12,4,18,4,4,4,17,4,19,19,33,11,4,20,18,28,32,11,23,30,4,4,3,33,2,4,9,17,24,35,4,13,4,12,15,25,4,8,26,4,10,34,4,15,3,4,17,24,31,31,20,2,4,4,4,14,2,4,27,4,23,4,36,4,9,17,4,11,17,34,12,4,4,30,17,4,4,17,4,4,33,29,8,4,20,24,25,25,15,6,17,0,4,4,4,4,16,4,4,7,19,23,17,24,4,17,23,17,12,18,15,8,17,21,26,29,17,20,13,1,2,29,18,23,4,15,4,4,4,11,1,4,20,29,12,36,10,17,15,4,14,29,4,29,12,33,4,4,4,14,17,15,29,28,20,4,24,26,17,1,20,18,17,17,10,4,2,29,1,1,17,4,17,1,18,17,14,33,10,17,1,3,11,4,4,4,30,4,24,30,23,17,20,17,30,19,4,7,28,27,17,30,18,0,4,4,33,14,2,1,6,36,25,26,16,4,4,27,17,4,4,4,17,14,17,4,17,12,13,18,17,4,14,9,1,33,17,10,27,17,4,33,17,2,35,36,26,24,20,4,28,17,28,4,4,4,1,4,4,15,14,18,9,1,23,2,4,15,4,23,34,10,22,4,35,17,17,20
8,18,34,34,30,6,6,17,27,6,17,16,27,31,7,12,17,22,2,6,20,20,28,17,17,29,15,30,10,8,30,15,5,5,3,17,17,5,5,16,33,22,17,17,16,24,15,21,17,2,5,30,5,15,4,3,17,34,30,11,22,33,16,11,9,31,32,15,21,5,29,29,30,1,2,12,15,22,5,20,17,5,22,17,11,18,19,23,22,17,31,22,30,26,14,14,15,15,34,31,22,17,22,5,33,35,34,31,9,22,34,33,16,17,15,33,17,22,3,7,26,17,17,5,6,17,17,23,8,34,2,17,30,5,27,19,34,3,20,32,9,17,17,11,31,17,1,23,11,17,26,5,31,5,21,26,15,11,18,29,29,16,2,5,35,23,30,3,30,31,9,17,17,11,30,2,5,2,26,17,5,25,1,29,22,22,15,16,23,17,16,5,5,17,6,15,5,15,27,5,17,30,2,17,9,34,17,34,18,34,11,33,32,3,22,16,34,31,26,4,22,16,29,19,34,11,24,28,29,11,5,15,27,11,19,16,29,28,22,29,27,5,0,17,2,24,30,33,22,5,11,15,31,7,28,10,5,30,35,22,35,30,17,17,22,17,26,6,29,14,33,5,26,5,11,18,32,29,22,11,29,30,16,13,17,17,35,31,34,30,30,5,23,17,4,13,33,30,22,22,34,22,5,34,30,32,1,27,5,30,27,26,11,22,17,19,3,24,22,11,4,6,2,5,2,6,17,34,2,17,15,30,15,15,11,17,11,15,6,30,11,22,11,4,14,15,35,18,22,15,21,16,31,11,17,12,3,3,16,17,11,28,26,14,6,30,29,31,22,17,34,11,16,29,17,22,17,13,34,9,3,31,16,4,20,8,2,30,4,30,21,20,22,4,22,17,3,22,5,31,22,5,17,17,17,35,29,35,2,17,34,16,16,22,11,13,29,17,22,29,22,31,2,5,31,18,29,5,30,15,5,33,11,2,29,11,11,5,30,15,3,5,16,27,32,18,15,16,2,23,29,29,6,19,32,17,23,2,25,22,27,3,5,5,16,11,26,17,29,17,5,22,15,17,15,17,29,23,2,16,4,20,33,19,27,2,17,32,5,34,23,3,30,2,6,15,35,33,3,10,6,8,15,18,33,4,15,30,23,35,22,20,6,18,15,21,23,33,15,15,17,17,17,11,10,32,2,2,34,30,5,17,2,15,11,26,30,14,5,15,3,5,5,22,8,8,13,29,16,30,15,15,35,34,2,6,34,15,3,2,17,17,2,2,17,14,18,26,2,31,17,5,22,5,6,23,5,15,31,5,30,13,22,31,11,5,17,9,18,5,17,23,28,15,18,12,4,30,34,22,26,9,31,9,6,11,22,17,35,32,5,5,29,29,22,8,19,23,22,34,15,11,29,1,30,20,18,18,30,6,15,2,2,17,18,11,5,17,31,6,22,4,2,22,6,22,17,5,19,20,22,18,24,15,11,16,15,11,17,17,30,31,29,11,30,31,17,5,17,22,17,5,22,15,30,17,30,3,15,22,29,31,5,13,35,5,30,17,31,1,1,25,22,12,20,27,23,21,11,0,30,5,23,18,11,22,22,19,31,22,9,26,6,27,9,22,22,30,17,5,17,32,17,17,22,22,17,22,5,17,31,1,17,1,27,17,23,6,17,11,6,4,11,24,29,19,20,17,20,5,29,29,16,6,6,32,5,30,17,25,22,6,30,15,1,3,14,33,28,13,6,17,5,5
4,18,11,7,28,13,6,9,9,17,32,11,9,30,7,12,11,5,31,32,15,32,33,19,8,5,36,7,34,24,2,28,5,5,3,8,11,5,5,34,17,34,5,11,34,5,17,24,16,26,21,28,17,28,4,3,9,21,3,11,32,17,23,11,22,30,5,20,30,5,21,5,14,1,2,12,34,4,5,15,10,5,20,7,18,18,13,23,3,35,23,34,5,13,27,22,14,28,17,23,26,35,4,5,4,21,17,30,19,3,18,2,5,8,16,10,2,36,3,30,13,8,7,5,6,34,16,10,2,34,25,5,28,5,9,5,17,3,15,11,9,30,29,17,23,25,1,17,11,3,13,5,23,27,24,3,25,11,11,17,16,23,2,5,17,34,23,3,13,23,35,16,16,11,23,2,30,17,5,5,5,34,17,21,13,18,14,35,23,5,30,5,5,11,6,16,5,21,11,5,21,28,25,8,9,4,5,18,30,21,11,26,17,3,21,18,11,23,13,4,30,23,21,26,6,11,17,33,29,11,5,28,9,11,2,17,8,33,5,16,21,5,0,32,2,36,5,21,30,5,11,16,23,7,33,11,5,3,34,26,26,26,2,35,20,16,13,17,5,22,5,5,13,5,11,18,21,34,19,8,21,2,23,28,5,2,16,23,28,5,3,27,10,5,4,21,10,19,34,4,17,19,5,4,18,13,24,5,5,18,9,6,11,5,22,32,3,8,6,11,4,34,2,36,2,6,28,22,2,25,16,6,34,16,8,13,11,21,6,28,11,4,11,4,28,20,26,18,29,5,24,35,23,11,8,12,3,3,5,8,17,7,30,27,6,23,5,23,5,35,32,11,34,16,2,21,34,34,6,6,3,23,5,4,4,23,2,26,4,19,24,23,4,4,16,35,3,5,5,30,5,5,25,29,11,35,16,13,2,16,18,30,14,19,32,17,17,21,23,5,5,23,2,5,23,18,5,17,35,27,5,35,11,2,8,11,26,5,8,25,3,5,34,8,34,18,21,19,31,19,9,5,6,34,11,35,2,2,34,30,11,3,5,5,30,11,13,30,16,7,5,5,22,16,10,16,21,16,27,34,4,15,11,2,21,25,34,13,16,9,16,3,34,2,6,21,34,17,34,5,17,18,17,18,13,4,10,28,14,16,21,15,6,27,4,24,17,13,28,10,29,16,32,11,5,4,5,2,5,14,5,32,2,5,11,13,18,22,5,6,3,21,35,19,5,14,21,16,10,2,16,10,35,34,21,6,18,17,3,2,35,5,30,2,17,28,18,34,2,24,31,5,23,5,6,34,5,6,36,5,14,5,30,22,11,5,22,5,16,5,35,5,33,5,30,12,4,3,17,34,3,5,23,22,34,11,17,8,26,21,5,5,21,23,26,34,21,17,34,34,16,11,2,17,31,28,18,18,23,6,19,2,2,11,18,11,5,11,23,17,16,4,2,23,6,5,2,5,11,15,23,18,5,32,11,23,5,11,32,5,5,23,16,17,4,23,26,5,9,34,21,5,20,10,5,7,19,3,28,23,21,23,5,5,26,27,26,0,23,1,17,34,16,12,15,9,34,24,11,0,30,5,10,18,11,23,18,16,23,23,8,6,6,9,25,23,34,5,22,20,8,21,16,9,19,17,8,3,5,29,23,17,5,1,5,25,20,6,5,29,6,4,11,35,23,16,15,25,15,5,1,5,4,6,6,18,5,1,7,23,28,6,18,36,1,3,27,11,33,26,6,35,5,5
18,13,34,17,31,34,6,9,9,17,32,7,9,23,21,15,7,34,22,32,8,24,11,7,7,5,5,5,28,27,2,5,5,7,35,6,6,5,7,35,34,6,23,23,32,5,17,28,5,2,5,7,17,5,34,6,9,34,23,16,7,7,29,13,5,21,12,10,24,5,6,5,27,1,23,15,10,4,19,8,7,5,5,5,13,29,23,26,33,6,31,29,7,34,5,7,18,5,17,31,23,5,18,5,4,16,17,31,7,34,13,34,5,6,22,23,23,26,3,34,34,34,7,12,10,6,6,26,2,34,2,6,35,5,9,10,17,7,8,7,9,6,6,17,13,2,34,17,21,3,34,5,27,5,16,18,6,34,7,17,16,31,6,5,16,6,27,27,20,31,6,6,10,23,30,2,21,17,6,5,5,26,17,6,35,27,4,34,26,23,34,12,27,13,29,10,5,6,21,5,34,6,2,9,16,4,5,13,13,5,23,18,27,27,34,5,27,31,29,4,7,14,34,22,10,34,17,11,16,23,5,5,9,13,23,21,6,11,14,12,12,5,12,32,2,6,12,5,35,5,21,5,18,26,11,34,5,3,2,23,36,23,34,10,6,7,34,17,5,21,27,5,34,5,21,10,5,7,23,16,5,2,29,10,5,23,14,12,31,23,20,6,26,5,4,28,34,29,34,4,17,23,5,7,13,35,16,5,5,13,16,34,34,18,4,22,18,7,7,7,4,7,2,35,2,34,23,24,2,2,5,7,34,5,21,34,34,5,17,35,7,18,5,4,24,0,7,24,6,5,18,34,31,23,7,15,3,35,6,9,17,11,35,21,7,13,6,31,29,7,32,14,3,13,18,36,6,34,35,10,13,31,5,4,18,31,2,7,28,23,18,24,7,33,27,6,34,5,5,13,13,5,6,6,7,6,7,22,34,21,35,29,18,23,32,34,17,13,31,5,5,31,28,5,31,3,5,10,6,7,5,18,29,2,31,21,22,5,13,5,7,5,33,34,29,14,5,23,2,26,9,5,23,10,5,34,2,34,26,27,13,34,10,5,27,13,10,6,5,34,5,5,7,6,5,14,14,5,26,31,34,8,18,2,9,2,34,29,5,9,17,34,34,23,7,5,7,18,35,34,10,23,21,13,18,4,5,27,2,6,7,8,4,23,7,28,34,7,7,18,34,10,32,34,18,4,6,23,10,6,5,32,7,5,34,6,13,23,5,5,3,5,6,18,5,27,5,16,7,29,6,18,6,7,2,10,27,17,3,2,6,5,35,2,18,9,7,1,34,12,7,34,31,21,35,27,6,32,5,13,18,5,24,31,7,21,7,5,14,5,14,27,11,5,10,15,4,13,17,5,6,5,12,7,10,21,17,7,6,29,5,5,5,21,23,30,22,18,34,34,7,7,2,17,2,24,23,13,31,17,10,2,2,5,7,7,5,21,31,17,7,4,2,6,20,5,2,5,22,8,31,13,16,32,21,33,5,22,36,13,5,31,17,7,33,33,7,5,9,7,7,5,26,18,33,21,6,35,24,18,34,31,5,18,26,27,7,36,28,1,16,28,29,15,8,9,6,16,20,0,12,5,18,5,5,31,14,22,31,13,10,10,10,9,10,31,4,27,32,5,6,2,6,9,23,7,7,29,19,6,31,17,5,33,25,6,10,7,21,16,35,29,23,6,31,29,26,2,8,12,6,5,18,29,1,35,33,7,10,30,7,22,7,34,1,3,26,29,11,34,22,6,6,6
13,23,13,9,13,36,36,18,32,36,20,7,33,24,20,11,9,30,2,21,8,24,27,20,7,24,32,33,35,10,2,15,15,7,7,20,9,20,12,23,30,17,20,20,17,17,15,26,20,5,15,7,9,15,17,3,7,30,14,16,17,7,19,19,15,12,17,15,24,0,20,17,33,1,32,11,17,4,0,8,7,20,15,20,9,36,6,17,23,23,30,17,7,30,22,32,15,15,2,9,7,20,35,13,4,18,15,15,7,17,9,13,35,20,15,13,20,17,3,9,17,9,20,17,6,9,20,17,10,15,20,5,14,15,20,15,9,7,8,7,7,20,20,9,17,20,1,9,12,20,7,20,12,22,16,7,17,32,21,27,5,17,17,15,16,17,13,3,29,2,5,20,20,12,19,2,12,33,30,20,2,25,1,15,28,3,4,17,2,20,30,15,9,20,36,29,2,15,18,14,20,15,2,18,16,4,20,9,28,23,2,35,35,7,17,14,14,17,28,4,7,17,20,23,36,6,9,27,16,28,23,15,33,20,28,12,17,27,17,17,33,15,33,18,2,17,14,15,13,2,12,15,17,24,27,36,20,3,2,31,6,14,20,20,5,17,17,9,20,12,13,9,36,17,12,5,15,7,31,18,17,2,1,15,20,28,7,30,15,9,17,32,2,20,4,26,13,35,17,4,9,2,34,7,23,7,16,33,12,23,16,36,23,17,20,21,7,7,20,13,4,7,2,7,2,30,32,24,2,20,15,7,15,24,18,20,23,15,36,24,18,4,20,17,22,15,7,24,9,15,12,30,12,29,33,11,3,3,17,21,6,24,35,12,28,23,17,19,26,20,9,12,3,17,20,20,20,17,36,7,23,24,17,17,35,10,2,7,26,17,35,24,7,4,9,20,3,17,3,17,36,9,20,20,7,1,7,7,2,20,29,12,17,20,28,9,13,14,17,17,17,15,26,20,12,3,2,9,9,7,20,20,23,2,20,12,7,23,23,15,7,20,19,18,3,30,15,31,29,28,18,17,29,15,7,20,2,2,25,1,33,30,9,20,17,13,36,20,7,17,20,30,15,9,15,17,17,15,2,25,32,8,13,21,6,20,17,17,2,36,15,23,7,23,21,15,21,14,23,35,36,10,12,14,35,4,13,22,29,16,15,8,36,28,15,26,9,7,15,15,20,20,18,18,35,4,17,31,9,20,13,9,7,15,6,30,14,32,6,15,3,17,20,17,10,10,15,16,7,2,15,15,18,7,33,36,14,15,3,2,20,20,2,2,30,22,32,36,35,17,7,30,17,12,36,2,17,15,34,23,17,35,9,5,7,35,20,12,20,2,20,35,27,13,7,11,4,23,9,17,14,18,30,7,21,12,17,32,20,13,34,5,17,17,31,26,6,9,7,20,7,32,2,1,2,24,12,24,23,36,15,2,28,20,7,7,20,13,24,9,7,4,2,17,36,12,9,9,13,8,17,17,16,18,20,19,15,7,7,20,33,17,15,7,4,15,20,2,20,7,20,20,17,7,7,12,17,3,15,17,20,9,13,35,7,34,7,20,26,1,16,26,7,11,8,18,20,16,13,0,21,36,15,15,6,17,17,30,12,23,5,36,28,20,20,19,17,14,20,0,20,33,20,32,31,7,20,23,0,20,19,1,20,19,20,20,5,36,20,18,14,4,14,7,20,9,35,20,8,33,17,17,35,36,36,14,19,7,20,25,7,13,7,17,1,3,28,20,27,17,36,20,20,20
8,6,26,26,9,2,25,28,14,13,34,22,28,24,23,11,34,20,14,5,24,24,25,34,31,6,20,14,30,8,16,6,6,4,21,32,30,14,12,1,17,20,34,34,20,20,19,7,32,5,14,18,13,7,27,25,36,33,18,30,34,2,1,25,3,12,25,13,24,13,5,20,4,18,16,11,3,1,6,24,34,36,6,14,25,4,2,7,21,22,18,22,4,1,14,29,18,6,26,25,34,22,18,14,27,35,36,7,30,21,25,17,31,13,21,18,23,20,21,10,31,13,34,20,2,20,30,7,8,33,34,5,1,18,28,19,19,21,24,4,19,30,32,13,25,26,20,7,12,26,31,14,25,6,22,18,34,13,31,19,5,1,16,6,30,22,1,8,23,7,30,30,30,22,1,20,12,13,18,34,14,22,19,6,21,18,1,22,7,23,1,21,12,30,14,36,16,26,28,16,25,5,23,28,30,36,23,25,25,25,10,18,27,25,20,1,25,20,21,27,27,22,34,22,36,14,2,35,30,16,16,6,14,3,34,12,5,7,20,22,14,18,0,3,30,20,13,26,13,26,12,2,18,24,31,14,33,1,16,15,34,18,23,23,5,30,22,17,3,12,25,13,18,20,12,16,26,35,15,28,13,23,1,21,13,34,35,3,26,22,22,4,7,3,27,13,18,36,20,18,26,18,25,26,25,17,18,14,12,25,13,21,21,18,29,25,18,21,1,5,36,21,34,6,26,23,34,24,26,32,6,14,35,6,28,23,10,26,19,33,28,18,26,20,24,0,35,31,22,18,18,1,25,14,5,11,16,13,20,34,14,9,18,12,22,25,20,25,18,5,25,22,21,13,18,30,20,26,26,5,25,24,31,20,18,8,22,9,27,34,18,24,27,27,3,34,4,6,26,25,25,13,34,30,21,25,6,35,23,12,26,12,1,15,34,17,13,3,20,13,19,1,22,13,25,4,13,25,14,21,18,7,4,33,3,12,10,9,9,33,6,32,1,28,4,25,14,15,2,7,3,6,26,30,4,23,7,10,6,25,25,13,3,18,1,3,2,34,2,20,23,4,34,36,19,14,20,7,13,1,29,24,18,16,14,33,23,22,13,14,30,21,4,10,13,14,35,18,4,20,36,8,12,26,18,27,30,23,7,35,34,24,9,6,21,18,7,18,6,18,2,30,32,22,18,27,25,15,2,9,13,30,26,20,13,4,25,9,14,13,9,22,20,18,8,8,36,2,1,26,6,18,32,34,14,19,25,19,36,2,36,3,16,6,17,9,6,16,10,22,5,3,20,12,13,10,32,21,16,25,18,3,24,3,13,12,5,28,6,31,25,36,14,19,6,11,27,22,30,20,34,28,34,6,6,12,17,34,35,4,25,6,20,20,15,8,33,18,21,33,6,34,22,19,22,24,4,26,9,19,13,6,22,36,13,22,14,12,7,36,3,18,23,3,16,6,13,13,17,24,20,25,22,13,12,1,6,16,30,3,14,20,2,18,22,4,5,13,5,21,34,32,6,18,19,25,20,21,6,18,14,26,19,3,35,12,35,0,22,30,32,20,4,11,24,28,7,30,23,0,34,2,7,6,14,20,25,36,12,25,28,4,21,28,30,25,20,25,29,6,4,14,32,5,15,22,28,18,6,30,24,19,4,19,23,34,7,19,12,30,26,4,25,30,4,30,30,33,24,14,20,34,18,4,19,20,19,36,29,1,6,2,6,13,19,26,22,25,25,20,27,7,32,5
10,10,10,20,5,32,6,28,14,8,12,5,27,30,20,7,16,4,14,2,15,2,25,28,16,36,3,35,23,18,2,8,10,8,17,32,20,14,20,1,4,6,16,20,1,21,8,2,32,12,14,5,14,2,17,2,16,8,18,13,28,24,1,5,3,30,33,2,2,14,36,12,35,18,2,7,8,1,19,15,16,8,6,14,12,14,14,2,4,6,18,29,13,29,8,16,18,22,2,36,8,6,18,14,18,21,17,30,16,17,36,18,1,9,2,30,5,3,5,30,20,3,16,8,2,9,6,18,13,8,8,16,8,35,27,36,36,17,15,13,35,20,32,9,5,5,6,18,13,32,13,14,35,2,11,18,8,32,13,36,36,1,6,1,11,6,1,14,14,6,16,6,28,13,1,29,20,32,6,28,14,31,34,28,17,18,2,1,6,30,30,35,20,13,14,8,2,8,27,0,4,36,36,32,32,24,36,20,30,4,13,18,18,35,5,1,35,8,17,1,30,1,28,29,2,13,14,25,6,13,18,8,27,13,28,18,12,6,14,32,12,18,33,32,34,8,5,5,30,5,13,34,18,30,25,9,28,1,8,26,28,12,5,32,36,16,30,2,5,16,35,36,4,8,13,2,5,24,26,13,32,5,1,8,32,2,20,28,2,14,29,6,18,20,18,20,2,29,8,24,35,18,17,10,5,29,11,14,12,13,32,17,4,18,16,12,24,17,20,13,29,2,2,30,30,4,8,30,5,20,2,16,17,2,13,4,13,10,29,5,32,18,13,2,2,18,12,28,6,8,2,6,2,14,12,7,2,18,6,12,14,25,18,2,6,36,20,5,2,16,4,13,1,36,18,4,6,8,2,16,35,1,1,8,18,1,20,35,18,2,29,30,24,29,18,28,5,2,18,30,4,32,6,20,17,36,14,17,30,13,10,29,1,26,13,32,9,5,18,32,8,1,5,8,30,24,14,36,6,17,32,5,13,2,16,13,13,6,5,8,2,6,1,27,29,10,27,26,20,2,16,20,2,2,5,5,2,5,31,30,32,17,32,20,1,13,2,6,8,4,36,5,28,6,2,14,4,14,36,31,3,15,18,4,14,28,4,29,8,27,34,20,5,30,12,14,2,18,17,4,2,26,36,10,18,18,34,35,30,12,28,15,30,5,12,18,32,5,8,18,23,16,4,13,18,17,6,26,16,6,10,20,2,4,13,6,35,2,14,17,2,13,6,18,5,5,2,34,1,35,6,18,20,28,33,2,12,2,2,20,16,6,30,5,18,16,16,2,32,11,16,14,24,28,30,20,6,17,3,36,18,21,30,8,13,13,16,11,8,20,6,2,36,32,2,7,24,5,36,21,6,16,30,16,2,13,32,4,6,29,18,32,20,6,26,1,14,18,8,8,17,28,1,6,36,30,2,30,11,2,32,14,35,32,28,24,14,9,5,2,8,18,2,1,2,2,16,32,13,15,18,3,21,32,13,1,8,13,4,5,14,1,34,18,35,1,16,20,36,2,8,6,2,18,35,32,6,17,8,18,14,2,36,18,12,3,12,0,18,6,11,31,12,7,15,27,20,32,13,0,1,21,2,2,14,1,6,14,36,17,16,6,2,27,16,2,36,8,16,19,6,14,36,2,26,6,12,29,19,6,1,2,32,29,32,8,2,2,9,9,5,29,13,21,6,2,15,8,15,14,6,20,18,29,2,24,18,16,16,31,24,34,8,3,6,8,2,35,25,5,17,6,6,6
18,2,13,6,19,14,25,3,15,14,4,5,15,7,35,12,13,4,22,2,11,2,28,7,14,31,17,26,14,18,7,19,6,29,20,16,13,26,13,1,4,17,7,4,1,17,6,23,2,35,26,5,36,2,20,2,3,5,7,13,17,6,18,25,19,21,25,16,2,36,31,6,16,35,7,12,29,18,0,11,35,31,31,26,25,26,26,23,4,1,35,17,13,4,27,10,1,19,2,25,7,36,1,26,24,36,10,23,16,29,25,17,1,36,2,7,5,35,29,13,29,7,21,17,6,2,16,23,36,6,31,16,32,32,22,2,6,20,11,33,2,36,3,13,25,5,29,23,21,29,29,26,25,27,34,14,2,4,13,16,16,1,17,10,16,23,18,10,7,23,16,16,2,13,24,36,36,6,14,31,26,30,6,31,18,8,2,1,23,7,1,20,36,16,26,2,36,23,13,8,29,19,8,13,6,32,31,25,2,4,7,35,18,10,17,1,25,17,20,24,36,17,31,33,2,13,26,28,16,7,36,19,15,25,2,21,31,28,17,36,15,31,15,6,23,17,36,5,10,5,13,36,8,8,28,29,6,19,35,7,35,35,7,3,2,17,4,2,31,10,25,36,4,17,13,2,33,31,7,13,36,36,1,19,4,7,36,21,32,36,24,27,23,7,14,23,6,2,17,24,2,7,25,32,25,33,34,26,21,25,2,29,4,17,7,25,14,29,1,13,10,2,2,2,6,36,19,7,5,7,2,36,20,2,13,4,13,36,2,19,13,7,13,2,19,19,35,19,21,36,2,29,25,26,35,12,29,7,1,16,6,28,18,2,7,8,17,25,2,16,25,13,32,36,7,4,17,6,32,16,25,31,14,10,25,31,7,35,23,7,34,2,29,24,36,31,4,31,36,25,25,2,31,13,20,25,31,20,36,13,36,14,1,7,13,36,36,5,17,36,6,1,17,2,25,32,31,25,9,27,31,23,29,2,31,21,35,10,10,6,2,9,1,7,33,13,6,7,22,23,16,31,7,6,33,5,36,31,30,25,13,29,2,36,1,25,36,7,6,17,10,5,16,16,10,26,29,36,14,30,14,11,5,4,26,7,4,33,36,4,23,29,5,7,6,26,2,23,20,14,2,7,21,25,18,10,36,32,23,2,20,11,10,27,18,2,6,5,19,18,4,2,4,13,14,20,5,7,6,7,36,7,2,17,13,14,25,2,26,10,2,36,17,14,36,24,32,6,1,36,16,17,3,29,15,10,25,6,2,23,3,31,35,31,36,19,1,2,7,34,22,14,17,21,10,36,36,20,32,25,5,29,2,16,13,21,7,16,2,36,29,23,28,36,2,12,24,25,6,17,2,13,7,16,2,13,6,4,35,33,25,16,31,31,7,1,26,6,29,6,20,7,23,6,22,19,7,25,23,2,31,31,25,31,36,2,31,21,23,2,16,10,7,31,36,2,31,21,6,11,19,8,2,6,13,1,2,13,4,5,26,1,36,16,24,24,35,36,16,2,6,9,31,2,18,25,17,18,19,5,31,9,14,17,35,8,35,0,23,2,36,30,2,12,11,16,23,2,13,0,8,36,23,31,26,1,25,36,31,25,2,14,2,15,16,25,17,25,22,0,13,26,16,2,7,17,16,33,0,4,18,6,31,18,15,31,2,2,3,13,18,29,13,2,31,2,11,6,11,26,31,31,1,29,2,17,31,31,2,30,19,6,29,8,10,5,27,5,28,17,18,23,31,27
22,18,33,9,9,14,2,17,5,6,17,21,19,27,5,7,17,30,17,2,11,2,26,17,14,17,27,9,34,14,9,17,9,33,26,19,17,17,17,1,4,30,17,17,22,13,6,2,17,26,2,9,6,2,33,2,2,33,9,32,2,33,1,3,17,27,22,20,2,22,17,6,9,28,18,7,33,1,0,11,12,2,20,17,18,2,10,26,32,17,26,19,12,33,9,12,27,2,6,6,26,17,1,9,24,35,6,27,10,33,9,32,1,17,2,10,3,26,8,27,33,33,12,22,6,2,17,22,27,33,17,17,9,33,17,2,6,33,11,8,20,27,19,19,22,17,33,14,18,17,33,17,22,18,16,8,17,19,2,6,17,1,26,9,16,2,9,9,3,9,17,32,10,27,24,22,27,6,30,17,3,25,6,6,1,29,2,33,35,17,23,22,27,17,2,2,17,6,19,22,32,9,9,17,16,13,17,5,27,32,18,26,9,8,30,1,9,26,14,24,27,1,6,9,2,33,6,5,16,26,33,6,19,17,2,23,32,17,33,22,22,20,22,32,10,13,22,6,27,6,3,10,9,27,35,33,17,9,26,15,26,26,3,3,20,17,33,6,17,5,10,33,33,6,17,2,13,17,15,16,19,8,1,13,19,17,10,22,2,9,9,35,14,17,14,13,6,9,33,24,18,2,27,6,9,8,16,6,17,12,19,33,33,2,17,6,29,33,17,14,2,2,2,27,27,14,17,9,9,17,2,3,33,2,17,4,35,22,2,3,19,8,32,29,9,10,26,18,32,17,2,35,2,3,26,7,9,31,1,17,6,26,27,2,17,9,33,24,2,12,32,21,1,10,3,32,17,13,2,14,9,1,14,29,21,1,32,26,33,9,29,27,29,24,22,17,33,33,18,27,4,19,9,17,17,35,10,6,33,17,18,8,1,15,16,33,6,17,2,19,6,1,9,17,27,18,32,2,9,29,17,9,33,2,17,17,26,18,9,6,2,17,1,17,14,18,6,15,10,14,17,17,2,6,14,17,9,33,25,27,19,33,19,30,1,32,33,17,10,17,17,30,17,17,2,33,32,10,14,25,14,11,32,4,19,3,33,8,10,32,10,31,12,27,6,6,2,31,9,34,2,13,32,18,34,24,10,9,27,2,10,11,27,9,22,2,6,28,29,2,34,2,17,17,34,33,27,15,6,9,22,3,2,33,4,14,9,12,3,22,2,22,17,29,9,24,13,6,1,9,26,10,35,6,10,2,26,6,9,26,17,17,27,9,9,9,18,2,19,22,17,33,32,17,27,10,35,2,29,22,29,13,27,20,3,18,17,19,2,9,35,10,2,10,2,7,33,9,2,4,2,17,22,12,2,12,32,4,26,22,22,10,17,17,15,25,3,6,6,6,29,12,31,6,9,24,18,18,9,2,19,10,9,19,9,12,17,10,9,2,13,13,9,9,26,10,12,19,6,11,13,14,16,19,17,1,2,30,32,17,3,1,10,28,24,24,17,22,17,29,6,17,20,10,9,19,9,31,9,1,32,6,14,31,26,29,26,17,2,17,16,25,28,7,11,17,17,16,3,0,9,13,2,18,32,1,8,28,12,22,17,14,2,17,17,22,32,9,12,20,17,6,17,12,15,8,16,28,0,17,18,6,17,28,19,17,10,6,17,16,23,29,17,35,17,2,11,17,11,22,17,17,1,33,2,30,0,28,17,25,24,10,9,19,2,9,2,28,26,30,22,35,17,12
27,18,24,13,5,20,2,17,14,24,17,5,19,30,12,11,24,25,22,2,8,2,28,17,29,33,3,14,35,27,7,6,33,24,24,19,17,17,21,1,34,35,17,17,1,4,6,2,17,12,14,24,14,2,35,2,14,5,7,34,29,24,1,27,33,30,27,2,2,7,17,5,27,27,7,11,6,1,33,8,12,2,6,17,18,29,14,26,4,17,16,35,12,25,14,12,30,6,32,27,24,17,1,27,10,22,24,30,24,4,27,34,1,24,2,20,5,3,24,30,4,3,12,5,2,2,17,13,21,2,17,17,27,27,17,2,2,24,8,29,24,30,19,3,5,5,27,30,21,17,24,14,27,6,35,24,17,19,2,20,6,1,13,33,2,2,10,27,7,16,17,17,17,7,23,32,30,34,25,17,14,26,20,6,10,16,2,5,13,7,30,27,27,17,2,2,32,13,19,16,17,20,19,19,19,32,17,18,30,27,7,5,10,27,5,5,27,16,29,1,30,1,14,22,2,34,14,28,24,7,7,6,14,17,2,31,26,28,35,27,14,33,0,19,26,3,5,32,30,5,21,6,16,26,28,4,17,27,2,7,24,7,17,17,6,17,24,2,29,21,24,25,4,2,21,2,10,24,7,17,19,13,1,2,19,7,24,29,2,7,35,29,13,17,10,35,2,35,2,29,18,7,21,24,5,29,35,14,17,12,15,4,22,27,17,22,24,24,24,24,35,22,2,30,32,29,7,30,32,17,2,24,7,6,17,4,27,6,10,5,19,16,17,30,2,33,24,18,24,24,2,29,2,14,24,11,25,35,1,24,14,28,30,2,24,35,17,29,16,24,24,31,1,6,7,17,17,18,20,24,29,26,1,33,31,21,7,24,26,7,35,30,24,27,27,17,4,6,29,30,4,19,24,17,24,24,6,24,32,17,18,21,1,7,15,34,35,5,5,19,29,1,16,17,30,18,14,2,27,6,33,5,29,32,17,21,22,18,5,17,2,17,1,17,29,18,27,7,32,13,9,17,7,2,29,17,2,5,26,27,19,25,19,7,1,24,2,17,24,4,17,25,24,17,20,14,35,13,26,1,3,8,24,4,14,17,4,22,14,24,13,24,12,7,2,14,24,6,29,35,2,7,21,18,35,35,20,27,30,2,24,8,24,7,3,26,19,5,24,20,34,2,17,17,35,10,27,7,24,7,35,7,2,27,4,24,24,12,14,6,2,14,17,24,5,5,16,2,20,13,13,33,17,24,14,2,27,2,2,13,17,17,30,6,25,24,24,2,19,35,17,25,24,21,30,27,13,2,3,27,5,29,30,6,17,21,17,19,6,7,17,27,28,19,2,11,10,27,17,4,24,17,7,9,2,21,19,4,17,29,27,19,17,21,7,1,14,20,2,17,6,29,1,24,24,7,29,18,13,2,19,6,27,19,35,24,33,27,5,2,24,27,32,6,2,33,17,19,15,8,16,3,16,19,17,1,16,22,24,5,14,1,6,24,23,29,17,27,17,24,14,17,6,20,23,19,24,30,6,5,14,24,7,35,26,3,26,17,35,17,19,26,24,11,8,14,17,19,29,0,27,34,20,6,14,1,21,22,12,24,17,29,2,17,17,18,2,27,12,33,17,14,17,12,7,24,17,29,33,17,18,20,29,23,19,17,2,2,17,34,25,29,7,9,29,2,26,17,8,14,24,5,35,29,2,35,33,24,17,1,24,20,24,3,24,5,2,5,28,5,22,17,19,17
22,16,16,20,5,6,2,14,14,8,9,1,14,18,35,7,33,4,14,2,10,2,22,8,5,16,3,14,17,5,11,19,28,8,34,32,9,14,21,1,4,20,18,21,22,24,6,2,32,20,14,20,14,2,22,2,14,8,26,5,22,6,11,12,9,26,22,20,2,12,33,6,22,20,18,7,8,1,0,10,8,8,32,14,12,14,14,20,4,35,20,29,11,21,12,19,1,19,6,6,8,35,1,14,13,35,6,11,9,4,18,13,1,2,2,18,5,3,11,21,4,3,35,8,6,2,16,20,22,34,8,2,19,12,32,28,6,11,10,26,9,21,32,32,5,5,4,21,4,33,15,14,22,20,27,18,8,32,2,6,16,1,20,1,2,2,22,14,18,20,9,9,9,18,12,22,21,6,15,5,14,30,6,33,11,29,2,5,20,18,18,22,21,9,2,16,6,8,32,20,4,19,20,32,9,13,8,21,2,4,18,13,13,18,5,5,26,20,33,22,22,20,6,11,2,14,6,22,33,18,20,6,14,16,2,28,3,33,5,22,14,20,22,32,33,8,22,6,12,5,18,2,20,20,33,4,32,19,33,31,22,18,18,32,2,33,15,2,5,10,28,22,15,8,18,11,13,4,31,32,32,5,1,19,32,11,16,22,20,20,20,35,20,4,13,20,6,20,8,29,6,20,26,34,5,4,27,14,16,26,32,15,4,1,24,2,29,4,21,2,13,2,2,29,6,28,8,20,20,21,16,14,4,2,32,4,35,19,13,11,32,20,14,29,19,20,33,11,21,8,2,35,2,14,6,7,26,5,1,33,6,20,21,2,33,20,21,11,2,33,2,5,1,21,18,4,33,20,13,9,26,20,1,20,28,1,18,20,20,20,28,20,29,13,16,35,4,5,11,22,4,32,21,21,2,35,16,33,28,16,8,1,1,18,15,32,6,5,5,32,16,1,20,8,26,8,14,2,35,29,32,5,26,11,5,18,33,5,8,6,2,20,1,32,13,22,6,31,33,35,9,20,18,6,5,35,2,5,30,21,32,4,32,21,1,15,2,21,16,4,28,5,8,16,2,14,24,16,20,30,3,10,5,4,14,11,4,11,16,2,16,15,8,18,6,6,33,15,15,17,2,18,32,26,13,13,16,19,20,33,8,10,8,19,3,27,6,22,29,19,17,2,4,21,23,13,5,31,6,18,28,21,2,4,4,15,26,2,14,6,2,11,35,29,5,5,20,6,1,11,16,23,21,6,14,2,22,6,2,21,35,9,20,11,21,19,18,15,32,28,14,22,2,18,22,21,16,2,3,5,20,24,2,16,14,5,9,9,16,12,35,5,14,34,2,7,13,26,21,24,15,9,22,9,2,26,6,4,33,13,22,32,33,20,31,30,14,6,8,8,29,33,20,6,5,11,18,11,20,2,32,6,11,32,3,2,12,28,5,2,8,13,20,1,11,2,20,32,6,10,19,20,24,32,9,1,20,4,4,5,14,1,16,32,5,28,33,22,2,29,8,33,20,2,28,32,1,26,19,5,14,6,28,5,33,22,20,0,20,21,32,30,16,7,10,14,21,32,18,0,22,24,2,16,14,1,16,14,8,22,9,28,2,32,9,22,2,11,8,0,35,14,33,19,31,6,32,13,0,33,1,6,6,1,25,8,2,2,32,24,13,29,18,24,20,2,21,8,10,22,5,21,1,2,2,26,0,8,9,30,34,6,8,3,29,8,2,5,12,22,22,35,32,20
12,6,6,31,20,14,29,3,3,14,16,21,19,27,30,11,16,12,15,2,27,2,28,33,14,31,34,35,31,7,20,6,30,35,17,19,16,25,2,1,22,31,16,33,17,22,6,13,16,5,2,20,29,2,7,2,15,15,20,22,12,22,23,15,25,27,12,20,2,12,33,31,35,31,33,11,29,1,0,20,16,2,6,30,31,17,22,20,29,1,20,14,15,31,30,16,27,6,2,20,23,31,26,12,31,22,10,27,14,29,30,31,31,16,2,10,15,34,29,27,29,26,16,31,22,2,31,18,12,22,25,5,23,24,19,8,22,17,20,9,35,31,19,31,34,25,29,31,9,33,29,31,12,6,13,14,25,19,31,22,5,1,20,30,13,18,35,23,31,20,5,31,31,27,30,24,31,19,31,15,31,16,22,6,7,31,2,31,18,27,27,17,27,5,2,2,31,31,19,20,30,30,20,19,19,14,31,7,31,24,31,7,7,35,29,31,35,20,17,31,31,20,31,32,2,4,22,28,33,30,31,6,19,16,2,7,5,28,29,31,15,6,12,19,31,34,12,31,27,26,15,6,20,31,28,29,19,30,33,20,12,30,31,3,6,26,31,7,31,16,31,12,31,26,4,2,24,29,31,19,31,31,1,2,19,33,4,12,23,20,20,5,18,30,14,31,7,30,2,29,35,20,29,24,30,7,13,22,31,15,19,29,29,31,16,8,14,29,31,7,29,2,2,27,27,7,15,20,20,25,31,16,17,6,19,29,4,6,10,20,19,20,26,7,30,6,23,6,31,31,2,29,2,2,5,11,29,31,1,16,31,28,7,2,33,31,31,31,31,16,15,21,1,6,30,29,30,20,10,16,17,20,1,20,20,1,7,23,20,20,13,20,29,32,6,33,14,31,24,27,29,19,30,33,17,31,6,17,7,15,31,14,7,16,16,22,31,15,26,19,26,1,20,15,27,29,29,5,31,6,31,18,29,2,26,27,4,31,23,25,2,20,1,16,32,12,10,31,33,18,16,6,30,18,32,16,31,31,6,27,19,29,19,31,1,26,31,27,22,29,31,26,6,16,10,31,29,31,20,1,14,20,24,7,22,25,29,9,31,15,18,17,16,15,31,24,33,31,17,14,2,31,6,31,7,20,10,30,31,33,17,27,17,6,17,13,31,12,6,10,22,16,15,31,14,17,31,31,31,25,26,30,2,32,29,14,35,2,15,6,17,20,33,26,30,23,20,22,10,31,31,10,4,29,31,2,12,2,30,31,16,15,31,25,31,16,6,33,19,13,16,31,29,12,31,18,10,17,34,31,20,6,27,6,15,26,16,13,6,31,31,31,28,24,2,11,26,30,31,29,2,15,23,16,2,15,19,34,33,32,12,19,33,20,31,1,22,10,29,35,6,33,31,2,31,20,26,31,20,2,19,6,7,19,31,2,31,31,18,31,26,10,31,6,31,2,20,19,32,20,20,31,33,19,3,1,20,4,16,26,35,31,22,8,30,1,7,31,5,2,33,33,6,10,35,15,30,31,6,26,31,26,14,31,33,27,23,0,20,31,8,20,35,11,16,19,31,13,9,0,12,31,10,6,22,1,29,4,26,17,16,14,7,15,16,31,26,30,16,6,16,31,33,2,31,14,16,32,6,16,7,10,19,35,19,25,2,2,3,22,32,29,15,33,20,31,26,25,20,12,31,31,1,29,2,29,6,16,16,1,6,22,30,31,2,23,2,35,28,12,32,16,19,20
22,18,30,27,19,13,2,9,34,10,28,1,9,23,5,7,30,4,34,2,2,2,22,28,29,18,28,5,13,14,23,19,27,30,17,27,27,34,30,1,4,24,23,20,17,24,2,2,28,5,34,23,27,2,13,2,34,12,15,30,28,30,31,23,19,15,22,2,2,22,20,27,31,33,23,7,19,1,0,22,30,2,10,5,27,17,34,10,4,21,6,13,15,4,19,30,1,19,27,27,31,35,1,22,13,16,29,19,10,4,27,14,1,9,2,10,23,6,17,20,4,3,30,12,27,27,30,33,22,32,28,2,32,32,9,26,27,17,2,30,2,20,27,29,6,28,16,27,30,30,29,34,22,18,26,23,28,4,29,8,2,1,15,1,26,2,33,31,23,31,30,30,28,23,1,22,20,14,30,28,34,25,8,28,33,18,2,14,35,23,23,17,20,30,2,2,30,6,9,22,4,19,19,9,9,32,14,20,2,6,23,13,33,23,17,14,31,12,17,22,22,1,34,22,2,20,30,5,20,23,21,19,34,30,28,1,3,8,14,14,34,10,22,30,10,3,22,34,23,12,23,8,2,5,35,29,28,17,28,11,28,23,23,30,2,30,20,27,30,5,10,27,4,24,30,2,33,4,11,30,14,35,1,19,14,23,16,22,32,27,1,35,10,4,33,13,13,27,2,17,30,23,6,32,18,4,26,34,30,21,9,4,4,1,9,26,29,17,20,29,2,2,2,21,30,14,28,23,13,20,2,34,17,2,9,4,35,19,33,19,30,23,34,29,19,10,30,18,27,2,2,35,2,34,30,7,15,23,1,9,34,5,29,2,2,27,20,33,2,35,27,29,32,20,14,4,14,18,32,30,15,21,1,32,13,1,13,31,13,23,23,2,18,23,30,28,4,2,34,22,4,30,28,30,30,16,34,17,27,30,18,1,1,23,30,20,29,34,2,14,2,1,13,30,18,18,34,27,35,17,14,14,15,2,27,23,31,21,31,13,2,21,1,9,4,22,34,11,34,35,5,14,23,2,23,16,2,27,25,16,30,4,27,20,1,30,30,27,10,4,29,21,28,27,2,29,24,10,35,25,3,2,31,4,34,28,4,26,14,30,10,17,30,23,2,34,2,14,17,4,2,23,10,18,13,22,10,32,2,2,17,19,21,19,3,2,14,30,19,2,20,2,9,30,24,17,20,11,30,9,22,20,2,4,4,30,15,2,34,17,17,34,35,24,14,31,32,8,1,22,2,10,30,30,10,2,6,2,2,20,35,30,1,19,14,9,18,2,20,22,10,22,30,5,22,10,14,17,3,6,31,13,27,19,28,18,35,30,2,22,16,10,8,10,2,7,33,31,27,24,2,9,31,30,2,30,30,4,28,4,22,10,20,14,11,13,34,29,17,31,17,28,1,2,18,19,23,18,26,9,10,10,20,27,28,30,22,29,31,27,30,33,23,1,2,10,30,14,29,2,19,3,24,14,30,1,2,30,4,14,34,21,10,10,13,33,27,14,27,29,34,35,2,10,23,14,28,15,19,1,34,27,23,13,30,3,31,0,13,20,26,13,30,7,2,9,20,26,23,0,22,24,2,19,34,1,30,10,2,17,30,4,2,9,30,18,2,15,30,0,35,34,27,2,11,30,30,2,0,27,18,8,34,16,4,28,10,2,27,30,31,17,23,24,30,27,20,28,5,22,16,20,22,2,2,15,0,27,9,25,19,10,18,3,2,31,2,31,22,12,22,35,30,35
14,6,18,9,30,18,2,8,8,21,8,1,19,30,35,12,9,13,31,2,15,2,11,28,29,6,3,33,23,29,17,6,34,29,6,19,9,13,13,1,18,16,8,20,16,2,6,2,7,20,2,17,9,6,27,2,25,18,17,9,28,18,17,25,26,30,14,21,2,25,20,24,29,9,13,12,21,1,0,15,28,2,6,35,25,29,7,29,18,35,24,27,29,18,26,26,30,6,31,24,2,35,1,25,34,35,25,34,35,18,25,18,1,9,2,34,25,3,17,30,20,3,35,14,9,9,6,27,16,18,28,2,2,18,19,21,9,29,15,29,24,20,19,3,25,13,18,9,20,18,18,32,25,26,22,29,21,19,25,9,6,1,13,6,2,2,1,10,18,17,35,9,28,16,1,10,20,14,13,28,20,35,4,6,17,6,2,14,35,30,30,14,20,9,5,2,2,6,19,25,25,34,21,19,7,27,25,20,25,10,16,5,27,25,29,14,5,6,29,27,30,16,18,17,2,4,20,11,20,29,17,6,33,25,28,18,8,11,16,14,33,6,0,19,32,3,14,7,30,16,25,6,6,30,11,18,28,1,2,34,4,17,18,19,6,34,10,9,29,26,18,9,18,24,29,17,32,18,34,8,32,25,1,34,19,17,14,29,2,9,16,35,14,14,27,34,18,34,18,29,9,34,25,34,16,29,22,4,14,25,2,18,18,1,8,29,1,29,20,29,21,2,2,30,34,18,28,30,17,20,18,5,18,6,8,18,35,10,27,17,19,30,29,30,26,6,9,6,9,6,2,35,2,29,8,12,29,18,1,8,4,11,30,26,8,25,20,29,2,35,9,16,2,6,14,29,14,34,27,21,29,29,1,16,22,1,34,17,27,17,22,30,27,27,24,28,18,25,17,30,25,19,28,7,29,35,6,4,34,13,6,1,1,29,7,18,9,25,2,19,29,1,16,13,30,29,29,21,35,6,6,34,29,17,8,16,17,25,8,21,2,16,1,8,34,25,24,1,31,29,6,6,2,21,29,35,2,18,6,30,19,18,19,20,1,9,18,9,2,16,20,29,6,9,2,14,16,24,29,1,3,15,29,9,19,28,18,23,14,21,24,20,29,17,2,17,2,24,29,23,21,29,6,25,27,27,6,17,30,2,28,15,8,6,3,22,14,24,6,24,7,2,33,14,23,27,25,1,9,13,25,20,2,18,18,29,25,26,29,6,16,17,35,6,14,29,34,32,1,17,6,23,7,18,33,21,25,4,2,20,35,8,30,17,14,26,6,2,19,22,31,18,34,30,30,24,24,2,3,25,16,34,30,6,25,16,35,19,6,5,35,25,11,21,2,12,27,25,9,18,2,18,17,6,2,16,24,13,28,29,25,25,16,14,34,1,4,18,21,13,6,29,1,21,31,34,29,25,17,2,21,6,5,19,3,9,19,18,34,9,6,27,17,6,17,16,13,19,5,15,30,3,23,19,8,1,6,14,18,29,29,1,14,19,34,34,9,14,21,2,28,35,6,2,5,25,28,25,6,1,32,9,22,16,29,22,17,0,23,20,9,34,29,12,15,8,20,22,29,0,17,32,34,6,4,1,16,29,16,25,8,29,2,8,7,25,2,17,13,6,8,4,9,2,34,18,19,29,6,9,1,2,29,29,18,28,2,2,9,7,17,29,25,7,29,9,15,28,15,4,25,20,16,18,2,16,6,29,2,1,6,21,21,3,2,17,2,18,11,29,27,35,19,35
14,6,24,9,28,18,2,21,26,2,8,1,19,20,30,12,9,13,26,2,15,2,11,32,8,33,21,30,23,14,17,6,30,18,6,19,9,13,21,1,18,16,8,20,16,32,6,2,21,20,26,17,9,2,18,2,21,18,17,9,2,18,17,22,33,31,14,2,2,22,32,9,30,9,13,12,14,1,33,15,2,2,6,30,9,26,26,32,18,34,14,28,17,18,30,21,1,6,24,9,2,35,1,26,28,25,25,17,21,18,31,18,1,9,2,6,18,3,17,34,20,3,35,24,9,9,6,28,16,18,13,2,30,18,19,29,9,34,15,34,21,20,19,3,20,13,18,9,31,34,18,26,30,6,23,16,30,19,2,25,6,1,32,33,2,2,1,30,31,17,35,9,4,16,22,10,31,14,13,6,26,35,25,6,17,6,2,31,35,17,18,14,20,9,5,21,31,24,21,21,18,30,30,21,21,24,14,20,2,10,16,28,28,5,18,14,30,6,34,1,18,16,18,29,2,4,26,11,32,30,17,6,26,21,29,18,8,11,16,14,26,33,0,19,32,3,22,24,31,24,14,6,6,21,11,18,19,30,32,27,4,30,18,19,6,9,31,9,35,8,18,9,18,2,26,17,22,18,27,8,14,18,1,2,19,17,21,13,24,9,16,35,14,21,18,28,18,30,18,18,24,17,31,24,30,34,9,26,31,34,21,34,18,1,8,29,1,8,20,2,2,2,2,13,2,18,2,30,24,20,2,26,21,6,8,18,35,10,2,17,21,33,24,28,30,33,32,6,9,2,2,35,2,26,8,12,34,34,1,8,4,11,5,2,32,9,20,17,2,32,9,16,2,6,14,9,14,24,24,9,34,6,1,33,28,1,28,17,18,30,17,2,6,5,6,35,18,31,17,31,18,19,30,7,2,35,6,4,18,13,24,1,1,27,21,18,31,26,2,19,2,1,28,13,16,2,26,9,30,6,33,30,18,24,8,16,29,34,30,28,2,16,1,8,18,18,25,27,26,35,6,6,24,29,26,35,31,18,21,31,19,18,19,20,1,9,18,9,6,34,31,26,6,9,2,31,16,26,35,1,3,15,18,29,26,17,18,23,14,21,7,34,34,34,2,26,32,6,34,23,2,28,31,24,28,18,6,30,2,21,21,15,8,6,3,2,14,20,6,2,7,21,21,31,23,18,20,27,9,34,2,20,2,18,18,34,30,2,26,6,16,17,35,6,14,10,2,32,1,17,6,23,7,18,26,2,35,4,30,20,21,8,30,17,14,21,34,32,19,1,21,18,6,30,18,34,14,2,3,30,16,28,9,6,14,16,35,21,6,22,35,20,11,25,2,12,28,30,9,18,2,21,17,21,2,16,9,21,32,26,22,6,16,14,27,28,26,18,2,13,6,32,31,25,16,17,16,24,17,2,19,6,5,19,3,9,33,18,24,9,6,10,17,6,17,16,13,19,29,15,28,3,32,21,8,1,6,26,21,30,26,1,14,19,30,1,9,14,9,2,26,32,6,2,5,13,30,17,6,1,26,9,9,16,32,3,32,21,28,20,9,28,26,12,15,21,21,19,5,0,30,25,2,6,26,1,16,29,16,18,8,18,2,8,21,6,2,30,21,33,8,26,32,21,27,18,19,18,33,9,1,2,19,5,18,13,2,2,9,7,17,18,26,7,6,9,15,2,15,26,31,20,16,18,2,16,33,9,21,1,6,29,30,3,2,24,2,18,11,18,17,35,19,32
22,18,7,4,19,10,2,9,32,7,9,21,6,2,30,5,7,22,6,2,20,2,11,7,8,18,32,34,26,35,11,19,35,13,19,7,7,6,7,1,7,14,23,33,24,8,10,26,32,34,6,11,7,2,22,16,32,23,11,7,7,14,11,12,19,22,22,2,2,12,33,14,30,30,32,5,19,1,0,20,7,2,8,30,18,24,6,24,1,16,18,17,11,14,30,32,16,19,2,24,14,4,1,22,10,33,10,11,24,14,30,23,1,24,2,10,23,24,16,18,14,3,7,22,2,2,24,28,31,10,25,2,19,34,23,29,7,24,20,16,24,33,9,24,16,25,14,7,13,7,14,6,22,16,27,16,25,32,16,10,2,1,16,30,2,2,1,16,23,11,24,7,7,24,1,14,22,6,16,25,14,26,10,33,11,18,2,1,28,23,16,22,35,7,2,2,7,28,13,34,30,19,25,9,9,28,28,24,2,6,13,11,35,35,14,18,30,21,16,22,22,1,6,29,2,13,7,11,33,13,11,19,6,24,16,35,24,33,14,22,34,19,34,7,33,3,22,6,15,18,13,33,30,24,33,13,2,30,33,15,22,30,23,23,2,7,14,2,24,24,35,22,10,10,13,11,12,24,15,9,25,28,1,19,9,11,24,22,19,7,16,24,28,24,35,26,2,30,2,17,7,11,7,6,30,7,27,6,7,16,2,15,14,1,24,29,17,7,16,13,24,2,2,17,7,23,32,30,28,25,2,6,24,2,13,23,13,30,10,11,7,10,16,17,19,19,7,18,7,2,2,14,2,6,7,5,16,26,16,24,6,11,1,2,16,18,14,11,2,33,24,21,2,4,23,7,30,18,10,7,30,1,1,32,35,31,26,11,26,30,35,20,17,8,7,24,23,24,11,22,16,7,30,7,16,24,6,10,35,24,18,1,1,15,24,14,21,6,2,14,8,1,26,7,18,16,6,2,30,24,6,30,24,16,24,13,13,16,30,25,2,24,1,23,11,22,10,15,6,28,24,14,16,29,13,23,7,24,2,30,29,16,24,7,1,7,7,18,2,24,23,6,2,7,10,6,14,28,24,1,3,20,10,7,6,23,23,16,6,7,28,16,16,11,2,6,33,15,16,14,2,15,4,18,1,17,10,30,16,33,32,20,16,19,3,26,7,22,17,10,15,2,9,13,26,22,16,15,7,25,35,23,2,4,13,16,16,30,6,24,2,11,16,8,31,31,2,33,10,11,28,10,7,7,6,16,7,2,16,28,9,7,23,11,30,19,32,7,14,35,7,22,14,34,3,10,28,2,3,24,17,18,2,24,13,24,24,7,24,12,24,16,6,35,2,5,22,30,7,14,16,4,22,4,2,13,7,32,33,6,22,4,33,24,15,26,6,10,14,25,17,33,1,17,24,20,18,18,11,2,30,6,11,9,3,16,12,24,31,2,8,35,11,16,11,2,7,35,29,20,19,3,33,33,7,1,22,13,7,23,6,1,4,14,26,35,7,22,24,17,6,33,2,10,35,24,16,11,19,17,6,24,35,14,33,3,33,0,26,2,29,26,7,5,20,6,33,2,23,0,22,7,10,18,6,1,24,29,24,24,7,35,2,24,9,18,8,30,7,0,24,6,33,2,15,21,24,16,0,9,18,10,6,1,23,25,2,2,23,7,16,17,13,33,7,2,20,25,20,6,14,18,1,16,2,11,26,6,9,1,19,10,30,3,17,30,16,13,12,22,11,24,7,33
17,26,7,16,28,31,2,21,6,27,9,1,32,30,34,5,7,7,6,2,15,2,11,7,31,12,21,34,31,17,11,28,13,14,28,32,16,6,7,1,7,23,7,12,14,8,10,18,21,34,6,11,13,2,35,2,21,27,14,7,7,7,19,22,28,30,22,2,2,22,12,16,34,18,21,5,27,1,29,15,27,27,8,6,16,6,6,18,33,1,23,31,11,1,22,21,30,28,26,23,27,4,1,6,10,25,25,11,21,14,34,16,1,13,2,10,34,3,11,30,7,3,7,27,16,16,7,18,30,27,27,2,28,26,32,18,16,14,15,7,14,30,9,13,23,26,16,16,7,7,16,6,30,13,16,31,27,32,2,25,2,1,7,27,2,18,23,6,6,23,7,7,7,30,33,11,30,13,7,30,6,2,25,4,11,30,2,1,18,30,30,14,30,7,2,21,7,26,21,34,4,12,28,9,21,24,21,16,30,6,14,26,18,30,14,1,27,23,30,33,30,1,6,35,2,6,7,11,21,11,11,28,6,14,2,1,8,20,13,13,34,23,34,32,18,3,22,26,13,13,13,21,23,21,20,31,32,28,26,13,7,34,6,32,2,7,30,16,23,21,13,13,10,27,7,11,26,14,13,9,13,31,1,28,32,11,14,7,26,16,1,14,18,21,31,13,2,16,27,14,26,18,30,26,16,7,16,6,7,14,21,35,1,1,21,7,8,14,30,31,2,35,2,30,7,31,27,30,26,10,2,6,21,2,21,31,14,26,10,11,21,30,26,30,28,28,7,11,16,27,2,1,2,6,7,5,14,13,1,21,6,23,30,2,2,16,12,23,2,7,16,13,2,13,30,7,7,26,10,7,14,23,31,23,13,23,16,11,18,14,17,23,14,33,7,20,14,13,11,30,13,13,1,21,7,20,6,21,11,7,26,31,1,13,21,32,16,14,23,13,23,23,33,7,30,27,13,13,27,14,20,18,14,26,23,7,11,23,14,27,2,20,33,32,31,14,25,1,6,18,9,23,26,18,6,6,13,16,21,30,32,13,32,4,1,7,7,16,2,20,6,23,27,16,10,6,13,4,13,23,3,15,26,7,6,11,32,33,6,7,18,7,7,11,13,6,2,13,11,31,2,1,4,26,31,33,10,11,18,21,27,15,27,28,3,2,18,7,28,10,7,21,21,7,31,35,30,13,7,11,13,16,2,4,13,7,7,2,6,13,2,11,27,8,30,17,23,21,10,11,26,8,7,7,6,2,7,2,2,18,21,7,30,11,32,21,2,7,32,14,21,31,23,34,30,18,10,2,3,14,23,23,30,28,13,13,7,7,2,22,16,18,6,25,2,5,35,11,16,27,2,4,11,21,2,7,7,21,12,35,22,4,11,14,35,33,6,10,27,27,28,14,18,25,14,11,23,26,11,2,32,6,11,32,13,7,22,4,23,16,8,17,11,1,11,7,16,32,31,15,28,31,2,21,7,19,13,7,7,13,6,23,4,7,33,33,16,13,16,8,27,20,23,10,33,32,18,11,28,23,6,16,31,13,21,3,11,21,33,12,16,33,7,5,15,6,21,32,35,0,11,25,10,28,6,1,7,6,2,14,7,31,31,21,9,23,8,11,7,29,7,6,12,21,2,31,31,24,29,9,19,10,32,33,33,27,2,2,16,16,35,24,34,21,23,16,15,27,15,6,33,1,1,2,2,13,33,16,21,1,28,10,27,3,2,26,2,6,22,26,35,18,32,20
35,18,7,13,35,10,2,15,6,7,9,1,15,27,9,5,7,7,6,2,33,2,11,7,19,18,27,6,2,27,11,35,34,14,35,7,7,6,7,1,26,1,7,32,14,8,10,23,2,13,6,11,6,2,16,16,6,12,14,7,7,24,11,11,35,27,14,2,2,11,2,17,11,28,2,5,35,1,29,33,7,2,32,6,18,6,6,23,20,16,18,8,11,1,22,7,27,35,2,21,2,4,1,6,34,6,10,34,13,14,18,26,1,14,2,10,2,3,11,27,16,3,7,12,2,2,7,13,21,10,25,2,35,34,15,2,7,14,33,16,14,27,9,19,16,25,18,23,21,7,19,6,27,16,19,16,25,7,19,10,2,1,16,1,2,23,1,16,6,23,7,7,7,27,20,11,27,6,16,25,6,30,10,4,11,18,2,1,23,27,27,14,27,7,2,2,7,13,15,11,4,35,25,9,9,13,13,7,27,6,14,26,23,21,14,13,28,12,16,1,16,1,6,11,2,6,7,11,2,11,11,35,6,14,16,21,8,23,16,13,6,32,0,15,17,3,12,6,27,12,21,10,2,27,16,19,2,35,2,31,7,11,6,9,2,7,27,2,7,21,19,12,19,10,21,11,17,24,31,9,17,13,1,34,9,11,14,7,35,34,1,14,13,14,34,34,34,34,2,24,7,34,21,6,18,28,28,6,7,14,2,23,19,1,7,28,24,14,27,19,2,2,2,27,34,7,35,27,13,25,2,6,14,2,15,7,14,35,10,11,7,27,16,19,35,34,28,18,19,2,2,16,2,6,28,5,16,27,1,7,6,11,27,2,16,18,16,11,2,7,14,19,2,23,27,7,32,18,10,7,14,34,1,24,34,1,34,11,34,16,34,27,24,8,7,32,14,27,11,27,14,7,25,7,16,19,6,10,34,7,18,21,1,7,14,17,19,14,2,3,8,1,11,7,27,16,6,2,7,8,32,23,14,16,16,21,28,16,14,25,2,32,1,15,34,18,10,31,6,23,9,6,16,23,6,6,13,21,30,27,7,16,2,4,1,7,7,27,2,9,19,16,7,7,10,19,8,13,23,30,3,33,26,7,6,25,14,16,6,7,23,16,16,11,2,6,2,27,11,16,2,1,4,18,34,24,10,11,23,2,23,33,16,35,3,2,23,28,35,10,7,2,9,7,32,14,16,31,7,25,18,7,2,4,21,16,16,2,6,14,2,11,7,8,21,1,34,17,10,11,13,8,7,7,6,16,7,2,16,13,9,7,27,11,28,22,18,7,16,14,6,12,24,21,27,34,13,2,3,14,13,34,27,35,7,21,7,15,18,11,19,23,6,17,2,5,34,18,7,16,16,4,11,4,2,21,7,16,7,6,14,4,11,14,31,1,6,19,2,25,24,14,23,2,14,34,18,18,11,2,34,6,11,9,3,16,21,19,23,19,8,34,11,16,11,2,7,21,19,33,35,18,32,6,7,1,2,7,7,16,6,1,4,28,20,1,7,14,7,8,6,32,2,10,20,21,34,11,35,1,6,2,19,1,7,3,11,0,34,10,28,30,28,5,33,15,23,2,19,0,11,32,10,35,6,1,7,28,2,14,7,16,2,15,7,18,8,11,7,29,16,6,9,2,31,1,7,28,29,9,18,10,28,20,20,25,2,2,21,7,16,24,21,7,7,2,33,25,33,6,1,12,1,16,2,24,20,28,9,30,24,10,18,3,28,11,16,28,11,12,11,23,32,9
27,18,23,29,30,23,2,13,14,21,9,1,19,30,5,7,21,10,14,2,30,2,22,28,17,4,30,5,29,30,29,4,29,14,20,19,19,14,13,1,31,4,28,31,20,24,21,2,19,5,14,29,21,2,29,2,14,10,12,16,28,21,1,29,26,30,29,2,2,29,4,29,4,21,2,7,20,1,0,32,8,4,4,14,29,20,14,29,33,10,18,31,34,29,26,26,30,2,32,21,29,35,1,14,6,16,27,30,29,20,19,31,29,16,2,23,28,3,12,30,29,3,34,29,2,29,4,23,30,23,28,2,2,27,13,2,21,20,2,14,20,30,9,17,34,4,10,21,15,34,21,14,30,26,16,8,28,19,29,21,4,1,12,1,16,2,1,14,14,29,35,16,28,8,33,11,29,21,10,4,14,25,21,4,1,29,2,29,29,30,30,20,30,10,2,2,29,29,13,5,11,23,4,9,9,27,29,10,29,11,29,29,21,23,15,29,34,4,20,29,29,29,4,29,2,14,21,22,4,29,29,4,14,35,28,29,4,22,4,29,14,4,0,13,29,3,29,14,30,4,15,23,29,29,35,17,28,20,29,1,11,29,14,19,2,31,30,21,4,5,17,11,29,24,15,2,27,4,29,16,29,8,1,2,19,29,29,10,26,31,12,35,29,4,6,31,2,29,2,20,21,31,30,27,18,31,16,14,30,34,19,20,35,29,25,17,29,20,30,17,2,2,2,30,30,10,28,32,29,23,29,14,20,2,13,19,35,32,21,29,19,8,4,17,26,4,29,18,17,4,2,35,2,14,28,7,12,29,1,25,14,22,30,26,25,29,4,29,29,35,20,17,2,4,30,4,28,18,23,9,20,4,1,4,29,1,31,34,6,2,1,30,30,6,4,28,8,29,27,30,29,19,28,23,8,35,4,20,31,9,18,8,1,29,25,21,29,14,2,29,29,1,31,10,30,18,14,21,35,25,4,35,12,2,4,30,35,18,20,4,2,4,1,19,6,18,11,29,14,29,4,4,2,2,14,35,29,29,25,30,19,12,19,29,1,14,29,30,4,4,4,10,28,19,23,29,4,29,29,1,3,32,31,8,14,28,29,29,29,2,21,34,34,34,29,14,25,29,34,6,2,29,4,18,6,21,23,26,29,2,20,30,26,32,3,2,29,10,29,23,29,2,9,35,24,20,29,29,29,25,29,19,2,11,15,10,12,26,14,20,20,15,35,24,29,32,32,16,23,29,29,24,35,29,14,2,18,21,2,29,9,4,30,4,29,26,25,2,19,29,14,29,4,5,30,23,23,20,3,29,31,24,30,4,4,4,35,13,29,29,29,30,22,27,2,7,21,32,21,24,12,13,10,32,2,34,21,2,35,6,11,19,4,4,29,1,14,21,20,28,20,28,29,21,29,32,18,18,29,2,19,4,29,19,29,31,4,17,4,21,24,21,29,4,23,2,34,19,17,2,30,29,24,19,9,1,29,34,8,4,14,29,29,16,33,1,18,29,2,17,14,4,4,23,33,19,28,30,4,1,14,4,29,29,28,3,29,0,31,32,16,6,10,7,2,13,29,16,34,0,29,29,23,4,14,1,29,10,4,20,13,29,2,13,9,18,4,29,34,0,35,14,4,2,29,8,19,6,0,9,18,21,4,33,19,4,2,29,19,16,6,6,18,24,4,2,4,28,5,14,4,4,1,6,27,6,33,34,9,1,32,27,29,3,21,23,26,14,22,10,20,35,4,35
6,18,13,9,25,10,2,15,30,7,30,1,15,27,12,11,9,31,5,2,27,2,26,24,7,6,34,23,21,25,2,6,6,7,7,9,9,13,15,1,31,14,23,24,17,21,6,2,2,12,2,7,9,2,25,16,3,13,27,14,26,7,1,23,22,27,27,2,2,8,32,9,6,6,13,11,17,1,0,26,7,2,6,23,9,17,4,26,33,31,31,14,12,25,8,22,27,6,2,9,7,35,1,6,28,21,10,27,7,17,9,33,1,7,2,10,23,34,16,27,14,9,12,16,2,9,6,26,27,10,13,2,16,33,15,2,9,17,2,16,26,27,3,19,16,13,31,9,18,32,25,23,27,8,14,7,16,7,16,10,6,1,16,6,2,2,1,16,23,26,35,9,4,27,20,33,27,4,31,6,14,29,10,6,25,18,2,1,26,27,27,17,27,12,5,2,2,6,15,26,33,10,8,15,2,28,23,25,27,33,5,25,28,7,14,25,5,6,16,28,16,1,4,7,2,4,4,30,32,23,18,6,3,26,16,25,26,35,14,23,4,6,0,15,32,34,6,6,27,16,23,6,26,26,24,4,23,17,32,1,4,2,23,3,6,9,27,25,35,22,19,33,10,21,7,2,28,7,7,9,6,31,1,2,9,32,7,31,2,9,16,8,10,24,28,25,25,2,2,7,18,25,30,7,18,25,14,4,27,12,2,25,35,1,22,19,7,7,7,19,28,7,2,27,27,25,2,27,16,23,2,7,17,6,15,23,35,6,28,23,15,7,16,19,22,6,32,18,9,7,2,35,2,15,7,11,16,16,16,30,4,18,25,2,16,25,14,5,2,7,17,19,2,6,23,7,32,18,28,9,17,26,1,8,28,1,25,7,26,16,7,27,7,28,6,24,7,6,33,27,16,9,24,32,7,35,6,17,25,13,18,25,25,7,16,9,19,13,2,14,6,1,5,13,27,16,7,9,35,8,6,35,17,16,30,7,32,16,13,6,2,24,1,30,28,18,33,1,23,26,6,6,16,2,7,35,2,9,29,27,35,31,9,28,1,9,2,27,7,24,23,31,6,9,10,19,14,6,26,1,2,26,7,16,15,23,23,16,26,22,32,7,12,5,2,32,32,6,17,28,2,1,6,18,28,28,10,23,27,32,17,27,22,8,7,26,23,31,6,10,14,2,32,35,21,17,16,1,9,13,18,23,7,33,24,16,16,22,4,6,7,5,35,21,24,1,2,32,1,5,6,21,35,7,15,16,16,6,16,6,35,30,27,6,31,22,7,32,14,26,15,31,16,8,27,5,10,17,34,18,31,21,27,6,23,14,12,15,6,5,35,27,3,10,2,11,28,18,9,21,16,15,31,22,2,12,14,13,32,28,6,6,32,24,14,1,23,10,14,13,6,32,1,2,18,28,18,18,1,2,6,6,5,9,16,7,6,19,25,19,21,28,2,16,10,6,13,9,19,26,27,18,21,13,30,1,6,7,7,7,23,1,6,7,20,1,25,18,9,7,32,24,6,10,20,13,16,25,6,25,5,9,23,14,32,27,32,0,26,10,9,26,7,11,26,15,32,2,23,0,1,21,10,6,4,1,14,31,12,17,15,32,25,15,13,25,2,16,22,6,30,4,32,2,2,7,7,25,6,9,18,10,6,20,23,13,2,2,3,9,31,17,7,21,6,9,26,2,27,4,24,6,1,16,2,28,20,7,12,1,6,10,7,34,2,25,8,7,26,31,28,35,24,32
23,18,32,13,13,2,16,27,5,17,31,1,27,9,5,12,14,22,33,31,3,3,35,35,14,18,15,5,28,21,35,6,30,23,7,14,20,7,9,1,19,30,14,33,33,30,6,3,16,35,15,13,15,13,15,14,3,23,22,2,30,17,1,3,34,22,22,14,3,22,14,6,7,30,16,12,30,30,0,3,35,6,30,25,11,16,2,11,30,14,35,28,18,1,34,34,1,25,32,17,30,14,26,22,10,2,6,30,13,30,16,19,1,15,3,13,15,30,24,9,9,15,14,22,6,14,14,13,21,6,25,31,30,24,27,6,17,23,3,8,3,9,14,15,30,25,14,17,18,18,30,35,22,34,28,8,14,15,16,17,14,1,14,1,16,14,3,5,21,13,20,14,20,8,1,24,9,6,14,23,14,29,17,7,30,18,10,1,13,3,30,23,9,14,2,16,32,13,27,22,30,25,25,9,6,11,13,9,11,30,4,35,28,11,23,1,23,23,33,10,22,1,6,22,6,9,2,5,14,35,15,6,27,14,15,28,30,14,30,22,31,30,0,6,15,14,22,24,30,30,22,2,14,3,33,2,6,30,35,21,35,35,22,4,16,26,32,17,28,5,7,15,9,30,4,16,24,30,21,20,15,13,1,3,15,11,4,22,3,19,28,14,13,9,10,19,6,28,30,30,17,19,30,10,28,19,28,27,31,18,16,30,4,30,10,31,30,30,9,17,10,10,18,11,32,11,3,3,32,25,9,4,3,15,5,8,4,22,17,25,15,30,26,26,34,26,35,18,19,30,28,14,6,22,31,12,30,15,14,31,6,35,1,11,16,28,9,11,11,14,3,28,1,7,9,30,35,18,6,17,4,30,1,30,28,21,19,35,30,3,28,3,30,10,30,14,8,30,24,22,15,15,14,9,8,14,7,35,32,20,18,8,1,15,22,2,19,23,26,15,30,1,28,15,18,30,15,17,14,16,30,13,30,32,30,18,35,18,3,25,3,14,1,27,11,18,6,21,32,13,5,30,32,6,30,14,11,19,29,14,22,15,17,9,1,20,2,14,2,33,9,30,34,14,13,22,28,13,15,1,3,3,24,15,2,25,15,30,15,27,17,9,8,32,16,6,14,30,30,28,17,21,17,18,28,10,13,3,11,31,30,3,11,3,31,8,6,30,28,6,2,16,5,9,28,10,14,15,6,25,28,9,18,30,15,14,18,34,7,6,18,33,14,30,21,21,30,6,1,11,13,28,9,30,7,11,22,6,16,9,14,14,35,7,14,34,18,30,9,28,27,28,30,5,11,13,13,30,5,11,26,30,26,26,15,15,31,0,18,22,14,11,27,24,16,12,10,18,17,30,14,20,22,14,16,30,6,16,35,24,22,7,33,7,21,1,2,17,30,30,7,31,30,17,28,3,18,18,13,17,15,7,33,20,15,19,22,9,30,17,30,10,32,30,13,30,15,15,6,3,30,18,14,6,14,1,22,31,16,30,6,30,2,17,30,30,35,15,14,30,6,14,30,13,23,20,30,11,7,30,33,26,17,28,35,22,35,0,30,14,17,30,31,12,3,27,9,28,3,0,7,30,30,18,2,30,22,4,30,30,27,8,11,27,20,30,30,1,31,0,14,6,14,25,21,14,31,30,0,14,18,17,30,1,27,25,3,17,14,2,21,11,18,14,30,11,26,25,3,6,30,9,28,11,11,15,30,31,16,1,30,2,18,15,30,30,34,30,11,22,22,14,14,14
6,6,8,29,23,8,26,27,24,8,14,1,27,11,35,7,17,15,10,5,3,3,23,18,5,33,8,31,29,4,29,6,29,4,24,17,5,16,21,1,17,29,25,5,1,2,17,12,32,31,29,29,17,29,29,10,5,18,15,2,4,17,23,3,22,15,29,25,12,29,5,29,24,29,28,7,29,1,33,3,31,6,33,25,11,4,2,29,1,1,23,13,4,29,3,22,1,6,34,23,29,35,1,31,13,2,19,23,29,29,34,13,1,34,16,28,5,8,9,21,26,5,9,29,2,9,5,28,21,18,25,31,9,8,27,17,17,4,3,9,3,29,5,19,9,25,29,17,21,8,26,29,21,6,12,9,25,8,29,17,16,1,9,33,32,35,3,9,29,23,35,29,29,19,20,34,29,17,9,24,10,30,17,24,1,29,11,1,28,34,9,6,21,34,2,16,34,29,27,15,8,33,25,5,32,13,29,29,11,10,29,13,13,34,4,29,15,23,9,11,29,1,24,4,9,35,2,31,32,29,29,6,27,29,9,21,31,35,9,29,31,33,0,14,29,8,15,6,29,10,21,6,23,5,35,19,18,1,32,1,29,31,4,5,6,32,26,17,4,22,29,11,26,33,21,32,13,29,29,5,29,28,1,23,5,32,29,9,3,29,9,35,28,5,13,29,34,29,29,4,17,23,34,4,29,4,12,27,21,9,16,26,35,29,22,4,1,4,34,19,13,9,10,11,34,4,3,22,28,25,29,4,3,6,35,8,35,6,13,18,8,33,9,19,3,33,31,6,19,29,12,35,9,4,31,7,9,29,9,31,2,23,29,11,9,29,29,23,29,32,3,19,35,6,28,4,32,29,13,14,29,23,1,23,29,23,29,3,4,3,1,3,11,13,6,35,4,29,29,23,11,17,25,2,34,35,24,32,34,5,29,21,1,4,9,2,29,4,23,29,23,23,29,9,15,9,34,17,29,6,33,35,8,18,5,21,32,23,3,25,29,10,1,27,13,29,27,29,2,29,6,6,34,32,4,35,29,29,30,29,27,9,5,29,1,34,29,29,2,4,5,23,6,16,29,29,29,28,11,30,8,3,13,9,2,18,29,9,29,14,16,9,4,34,29,10,32,29,4,13,17,29,21,29,13,13,6,3,29,32,6,3,22,3,31,12,29,26,6,23,2,16,32,35,4,13,10,29,29,25,29,5,34,8,8,26,15,22,4,6,34,29,35,1,29,4,23,2,19,29,29,33,35,29,24,26,29,17,5,29,35,14,29,24,29,3,9,26,5,29,16,29,23,21,11,28,28,3,23,29,23,23,29,6,29,21,22,0,16,29,29,5,14,29,34,7,13,34,17,9,9,17,3,22,16,21,17,8,32,4,15,6,32,24,29,30,18,17,13,18,6,4,29,17,29,3,4,29,29,34,33,6,29,5,29,9,33,19,23,17,6,13,29,9,29,33,21,21,19,3,23,29,32,14,21,1,6,32,29,4,18,29,2,17,1,23,5,29,14,9,32,8,6,28,20,22,9,15,6,23,10,34,29,29,32,11,32,0,1,17,11,30,4,7,3,27,29,12,4,0,24,29,29,6,2,1,29,16,5,4,14,29,13,14,25,11,23,29,22,33,35,10,5,32,29,1,31,4,33,17,23,17,4,20,20,25,3,29,21,2,9,11,34,32,23,29,29,25,3,31,29,29,1,9,11,15,33,4,5,30,6,16,29,29,17,34,9,4,11,4,13,35,16,32
25,18,13,30,25,23,6,14,7,24,14,1,14,9,7,12,20,22,24,5,3,3,30,33,5,18,34,7,20,25,17,30,35,24,24,6,31,13,13,1,20,15,6,9,1,6,23,3,26,7,26,17,2,30,28,6,26,13,17,20,4,24,4,26,31,22,22,6,3,22,5,1,4,30,13,12,30,1,0,3,8,23,6,7,11,4,2,11,1,6,18,28,26,25,30,10,17,23,19,5,15,6,1,22,23,20,23,17,20,24,30,19,1,6,33,23,26,34,24,9,15,5,6,22,2,6,20,23,21,24,13,6,10,32,14,35,23,4,3,32,31,9,5,20,24,13,6,19,18,33,25,17,22,18,20,8,6,24,18,2,20,1,6,10,20,6,16,10,21,17,20,20,20,8,30,15,9,2,6,9,15,29,23,33,25,16,11,1,4,4,1,22,9,20,2,33,6,23,14,17,30,30,30,9,31,11,11,9,11,15,17,28,16,10,1,25,30,1,33,11,11,15,26,32,15,9,2,7,20,30,17,23,2,5,5,35,6,14,15,22,26,6,26,31,28,34,22,23,25,1,26,2,30,5,33,2,20,30,33,27,22,30,4,26,6,20,24,25,4,7,35,11,23,23,4,17,32,24,27,20,2,8,1,3,5,17,9,22,10,19,24,14,23,9,32,28,25,30,6,24,18,19,14,23,30,24,8,2,14,26,26,25,24,6,14,4,1,4,9,25,10,23,18,11,19,25,26,30,17,9,9,4,3,30,14,24,14,30,23,17,33,8,18,25,3,23,33,18,15,23,35,6,6,4,4,12,24,28,6,14,2,7,25,11,10,25,9,11,11,33,3,1,10,9,26,20,6,28,23,31,26,1,1,10,35,21,19,17,24,3,16,3,11,24,33,6,24,11,17,22,11,20,6,20,8,6,26,23,25,5,18,8,25,27,20,2,19,26,25,15,4,1,28,13,18,18,18,18,6,1,26,30,4,17,5,5,17,18,10,28,30,6,1,14,32,18,23,27,17,4,31,5,30,20,4,9,11,19,29,6,22,24,5,9,10,11,11,6,2,4,35,4,33,6,23,24,15,23,4,1,3,3,19,8,2,13,24,15,13,26,20,9,24,26,33,2,33,25,4,8,13,21,20,18,25,10,23,30,20,33,4,3,10,3,22,4,20,9,1,23,2,31,26,7,20,16,6,27,2,13,35,9,18,32,26,6,30,10,4,10,16,17,6,8,21,21,17,2,23,17,6,23,9,18,26,10,22,23,5,9,6,14,11,17,20,10,18,33,20,35,20,22,6,7,11,25,23,3,34,26,24,28,25,30,26,15,31,31,18,17,6,11,26,23,11,12,32,30,20,15,6,31,22,31,18,26,20,34,33,32,22,26,33,22,27,28,32,23,6,13,18,33,1,6,24,3,4,18,30,23,30,5,25,5,18,19,22,35,25,6,20,35,17,1,17,8,13,35,24,3,28,18,33,26,14,1,22,24,20,24,4,1,2,20,1,1,5,22,6,6,33,6,13,23,16,13,6,25,17,25,9,5,35,15,33,22,33,31,28,6,20,28,4,12,3,14,9,20,24,0,30,2,23,18,2,1,22,24,5,26,14,35,25,14,31,11,19,30,13,0,14,30,5,33,27,6,20,4,0,6,18,23,4,16,20,31,31,23,6,20,25,11,26,6,4,5,20,13,3,22,6,9,1,25,23,32,0,4,31,1,18,2,30,34,6,25,3,4,17,22,32,6,6,6
4,18,30,13,20,23,29,15,6,27,33,1,21,13,12,11,30,22,32,24,3,3,20,7,29,18,28,16,2,4,20,28,19,30,17,30,30,16,30,1,32,22,33,29,17,30,19,3,6,12,15,20,24,24,22,27,6,27,7,2,30,34,1,3,31,22,22,20,3,22,27,24,27,19,7,11,28,1,0,3,12,27,19,25,18,5,2,20,29,12,18,29,12,29,10,12,1,28,34,24,34,2,1,22,7,2,34,20,5,29,34,32,1,26,17,7,7,17,29,4,29,7,12,22,2,29,16,27,22,27,27,33,28,10,15,20,2,17,3,30,3,4,33,33,6,25,29,30,18,30,4,7,22,31,8,7,27,29,29,19,16,1,27,27,26,20,1,10,7,20,32,32,14,7,1,34,22,2,12,24,27,9,19,31,4,18,17,1,20,7,12,22,21,30,2,6,34,27,21,20,17,28,20,31,6,6,33,4,34,32,18,4,4,10,1,4,27,20,17,22,22,20,24,22,24,2,2,31,31,7,20,20,21,16,26,1,32,23,29,22,21,20,0,15,20,27,22,27,4,20,7,2,20,6,23,29,7,28,27,7,5,7,7,6,33,32,34,4,20,31,34,22,4,27,30,20,32,26,7,30,2,27,1,28,21,7,16,22,10,20,1,23,28,7,29,20,4,6,27,29,30,4,34,10,18,4,8,21,30,12,26,4,29,34,33,32,1,5,34,4,29,34,18,24,34,4,27,31,20,25,24,6,17,16,15,7,6,6,19,20,30,7,32,4,28,28,30,18,29,20,8,29,20,30,30,11,29,34,1,26,2,20,4,14,7,4,29,19,4,12,3,1,17,24,7,32,22,18,7,30,17,20,1,20,20,1,32,20,20,3,1,3,29,29,24,23,29,1,18,22,29,30,25,2,34,23,16,17,4,16,18,4,4,7,26,2,2,17,34,20,19,1,20,30,18,27,34,33,27,31,20,20,29,27,12,34,30,18,28,32,17,20,1,21,29,18,21,7,26,6,31,32,7,30,7,32,29,29,28,29,22,29,13,7,1,30,2,7,2,23,33,20,27,16,28,4,29,24,26,1,3,3,32,30,2,25,29,1,26,14,16,12,12,7,6,29,26,24,17,29,33,7,33,18,4,20,16,10,3,12,17,3,34,28,24,8,24,22,28,24,2,33,31,30,29,17,29,7,30,25,34,13,34,29,29,30,30,12,2,22,34,20,27,9,20,1,20,2,17,4,27,19,30,29,15,34,22,32,6,2,12,33,6,28,27,10,31,30,6,22,15,22,9,7,7,24,24,17,24,34,20,18,13,31,30,1,12,15,16,29,29,6,33,19,34,11,17,17,30,29,12,33,22,31,29,12,32,7,30,22,22,16,29,24,7,1,2,19,29,27,17,12,9,19,33,20,7,18,20,34,28,6,4,6,18,30,22,16,20,6,30,9,7,1,28,34,30,4,32,3,28,29,8,14,30,1,20,30,5,34,27,1,2,30,1,1,4,22,33,1,27,23,20,27,19,31,1,4,28,4,2,34,33,1,5,22,27,5,20,33,19,20,30,11,3,15,31,8,17,0,22,2,24,28,30,1,22,6,13,17,14,29,4,33,31,4,9,27,12,33,33,6,33,28,7,1,30,29,0,33,18,19,34,19,21,25,3,19,33,2,4,29,7,30,20,30,13,25,3,22,29,1,1,29,24,29,19,6,33,1,34,16,27,29,19,27,3,7,20,20,22,27,23,23
19,18,7,15,19,29,29,20,24,21,20,13,24,27,20,28,7,4,20,7,8,11,19,20,22,20,32,5,23,27,1,20,26,7,3,20,20,20,20,27,4,22,20,29,22,15,21,11,32,11,31,7,13,15,2,6,20,3,1,23,1,7,1,11,32,27,5,10,27,5,20,26,1,21,32,28,29,19,5,8,7,15,10,20,33,1,31,1,29,22,19,29,34,29,11,32,15,15,21,19,7,20,7,22,2,29,6,15,7,29,29,29,26,20,25,7,20,27,29,27,29,27,34,27,21,29,20,1,27,6,3,20,6,15,31,15,21,25,8,1,11,27,20,13,9,20,29,21,12,20,14,5,12,7,23,7,3,32,29,21,20,26,20,15,7,22,19,34,1,19,20,20,20,22,30,15,27,21,29,20,3,34,21,15,27,18,25,26,1,20,27,19,20,7,21,32,5,15,12,5,20,15,20,16,32,33,20,9,33,20,1,29,1,7,29,18,7,19,1,33,27,22,20,1,21,4,21,20,7,1,9,15,24,20,13,14,29,20,26,20,24,5,31,16,1,32,13,7,13,13,4,15,19,11,20,23,20,6,13,17,7,7,20,20,10,20,7,21,1,32,7,13,4,15,1,18,19,7,17,20,13,33,19,19,20,1,7,1,11,19,26,32,33,20,2,13,27,15,29,22,21,29,27,7,18,1,27,21,20,34,32,29,29,9,20,1,13,7,20,27,29,6,18,33,34,1,32,27,13,20,27,7,25,5,20,4,1,15,6,11,32,7,26,27,11,15,7,18,26,15,27,29,11,31,7,28,29,13,26,7,21,19,27,33,20,22,26,19,33,7,11,26,7,29,20,20,20,27,15,7,1,19,26,19,14,19,29,7,2,11,22,11,7,2,15,20,4,13,1,27,13,13,7,20,7,27,13,25,26,20,18,27,27,20,31,21,13,20,19,13,19,19,22,32,27,13,13,21,22,22,5,34,29,11,19,12,1,9,11,15,25,5,30,20,29,18,15,17,31,1,1,22,31,15,1,20,29,13,32,27,13,29,5,5,6,20,33,20,6,29,20,19,7,20,15,22,29,5,33,19,32,8,1,4,5,20,4,26,13,31,21,34,34,34,13,15,25,27,1,23,21,27,16,18,2,2,15,1,27,1,34,8,33,11,15,1,16,7,15,15,23,20,4,20,23,2,29,17,21,32,13,27,7,15,29,20,20,32,1,25,19,22,20,15,15,1,15,15,7,33,15,23,20,29,24,33,18,15,20,29,32,20,33,15,3,32,7,22,29,27,20,29,29,12,33,6,5,25,19,33,19,19,27,15,20,13,20,31,18,29,29,13,5,33,7,28,2,22,21,4,7,16,11,22,29,12,21,32,20,1,5,5,22,22,17,30,1,21,29,3,6,1,13,21,22,19,1,33,9,25,20,15,29,20,13,7,5,27,19,21,22,15,13,22,25,13,34,13,4,8,29,29,23,16,20,19,5,34,4,1,31,19,21,7,30,19,27,13,20,22,34,20,10,7,30,20,20,27,15,19,26,19,29,26,7,27,1,20,23,15,33,15,1,28,8,31,16,15,34,0,15,29,6,15,31,29,29,7,22,29,20,29,27,20,20,33,22,3,34,5,20,24,20,32,17,22,20,29,5,20,19,21,1,19,20,20,10,21,20,23,29,33,20,7,1,33,27,20,8,5,26,27,27,29,33,29,5,7,32,30,7,21,3,29,21,6,22,1,33,27,2,20,20,20
6,6,8,21,5,8,25,9,9,21,33,26,9,5,30,7,15,12,14,25,3,3,28,24,26,6,34,25,32,5,20,6,26,14,20,33,25,11,25,30,21,26,33,24,20,13,21,16,34,3,19,6,21,6,20,15,11,11,14,21,17,21,1,25,4,5,14,33,5,25,32,26,1,21,11,7,30,18,6,3,10,2,6,4,25,1,25,1,23,15,25,29,1,26,22,10,6,6,33,21,27,33,29,30,13,32,10,18,16,25,25,21,26,33,10,10,25,34,12,5,15,5,1,30,21,5,6,14,13,10,4,33,30,25,9,13,21,20,3,1,3,5,33,33,25,4,24,21,17,32,18,11,25,22,16,15,4,8,25,21,33,26,15,30,16,15,18,30,1,30,33,16,33,5,23,26,26,21,12,4,26,13,21,6,18,6,14,26,1,1,5,20,9,1,21,10,15,6,9,0,30,30,30,9,16,13,11,5,25,15,14,18,18,25,14,6,30,6,20,18,5,33,11,14,21,1,21,28,16,1,11,6,11,14,32,26,32,28,26,14,30,6,14,33,32,34,25,6,5,26,25,10,32,3,32,21,26,30,32,27,17,30,1,11,6,31,15,21,1,9,25,21,15,32,1,32,13,14,27,16,1,25,18,13,8,1,14,1,3,31,26,1,11,14,19,31,18,30,12,14,33,31,25,10,30,1,19,21,33,30,9,15,17,21,33,1,29,17,15,5,19,10,33,5,21,1,4,30,13,4,5,17,20,6,9,8,14,6,10,30,8,5,26,29,3,6,1,6,31,6,5,12,25,1,25,7,12,15,26,9,21,28,5,30,32,26,26,18,6,32,3,26,20,6,30,33,24,15,13,33,25,1,26,2,25,26,31,1,1,30,19,3,5,13,6,24,14,6,25,25,25,33,30,10,10,32,6,20,26,25,6,19,18,27,17,21,31,25,5,25,21,30,13,33,5,30,1,33,30,6,6,1,1,30,26,5,17,25,30,13,20,2,18,9,13,14,10,27,33,1,6,6,9,13,1,24,26,31,11,25,25,12,33,19,30,25,11,5,21,5,33,12,10,30,10,25,26,11,11,13,8,3,31,15,33,4,5,17,11,9,10,20,12,25,25,32,32,6,1,15,33,13,33,25,18,29,6,22,5,32,20,3,10,25,20,16,11,15,6,10,32,33,9,34,26,20,25,27,13,9,13,5,5,8,25,15,15,30,1,6,30,25,15,29,24,1,13,32,20,18,6,29,17,8,14,10,25,21,30,11,17,33,30,6,30,22,20,15,12,14,33,26,14,33,30,10,10,20,34,25,29,13,5,6,25,26,3,0,6,25,25,25,28,10,6,7,13,30,21,12,15,33,3,16,32,25,21,34,32,1,25,25,32,14,27,13,1,21,21,4,6,1,6,21,31,13,1,11,1,10,30,6,25,32,25,31,6,5,1,21,6,19,30,6,10,6,33,19,21,3,13,25,16,8,8,1,6,24,33,25,9,5,6,21,23,18,5,14,33,29,10,32,6,10,23,25,32,25,6,15,26,2,33,26,32,5,1,33,31,33,17,31,1,7,3,9,32,16,1,0,30,13,10,6,9,18,25,17,2,14,33,32,18,33,33,25,31,30,9,33,9,30,32,33,27,12,25,1,6,33,18,21,1,23,2,4,3,21,33,16,15,13,25,10,1,1,26,4,3,14,26,6,5,15,10,12,23,31,9,13,6,10,30,5,21,10,3,1,28,5,20,1,24,32
25,6,8,25,25,8,14,13,34,33,31,5,19,5,1,7,13,33,33,22,3,3,28,24,25,6,32,19,26,5,21,6,6,13,21,14,1,6,13,32,14,14,14,24,30,14,6,16,19,31,27,9,33,33,21,22,34,4,34,15,1,15,1,34,4,5,33,27,5,11,14,32,1,6,27,7,33,23,29,3,31,2,6,4,11,1,19,33,12,14,1,18,34,25,3,10,6,6,33,19,27,14,5,31,32,33,11,32,19,33,19,15,5,33,27,6,34,32,9,25,15,5,9,9,27,14,13,1,33,4,4,14,14,8,19,17,14,21,3,9,3,5,19,16,9,4,14,5,13,32,18,33,33,10,16,9,4,8,13,16,14,25,9,10,16,14,25,10,1,14,14,16,19,30,20,33,33,19,9,4,22,30,15,6,25,33,27,25,1,1,5,21,33,13,25,9,33,6,13,0,21,14,4,19,19,11,33,25,11,22,13,25,25,10,1,25,21,6,9,11,5,33,4,1,22,13,22,28,16,1,32,6,19,13,9,23,14,28,9,33,31,6,34,19,1,32,33,6,5,32,34,6,6,3,24,15,19,21,32,12,31,27,1,19,6,14,5,18,1,10,33,33,25,32,13,27,17,33,32,13,33,33,26,27,19,1,33,1,10,33,25,10,11,19,25,26,25,9,14,1,27,25,5,1,12,1,23,22,33,9,19,25,1,14,30,1,18,9,14,25,33,27,27,11,32,1,4,27,9,4,5,33,21,6,13,13,13,6,11,21,19,5,9,18,3,6,31,26,18,6,27,14,9,1,31,7,9,12,14,13,22,28,25,11,9,25,14,1,11,14,3,23,10,6,34,14,24,32,32,9,1,1,26,10,23,33,26,1,26,9,5,3,11,32,6,24,1,6,33,30,11,19,14,22,1,14,6,21,25,13,32,25,25,1,13,15,18,34,25,33,14,1,26,34,5,9,33,33,22,30,6,1,1,32,14,13,13,14,10,4,27,2,26,19,25,13,22,32,33,1,13,6,9,17,1,14,33,12,27,5,19,33,19,33,5,13,11,14,6,5,33,1,27,14,27,25,33,33,11,32,19,3,25,9,19,4,19,9,33,33,19,21,1,34,19,1,9,6,1,26,27,5,19,11,25,18,6,10,9,27,21,3,10,3,32,16,19,32,6,14,15,27,34,13,26,21,14,12,22,10,23,33,5,8,13,9,9,10,1,10,33,33,14,6,24,1,17,22,21,25,6,26,14,32,33,9,9,22,9,6,14,14,9,6,14,10,21,1,19,11,33,25,14,13,11,33,14,21,32,11,1,32,5,6,34,12,31,19,6,33,33,11,28,33,27,7,21,33,5,14,9,13,3,6,27,13,14,8,14,1,6,19,24,24,32,26,1,18,14,32,6,1,33,14,33,23,30,11,1,27,19,6,25,19,33,9,6,33,25,27,6,23,33,6,33,6,5,19,13,3,6,33,16,19,13,1,6,13,33,1,1,25,6,16,20,1,25,33,14,18,4,14,6,10,20,34,14,25,6,25,13,2,33,23,21,5,1,0,26,14,16,26,1,7,3,19,27,16,1,0,21,33,27,6,13,6,33,1,2,33,19,14,25,19,4,11,33,21,10,29,14,22,14,27,26,14,33,1,29,14,11,11,1,20,20,4,27,27,14,15,25,11,13,14,1,11,18,4,3,27,14,33,33,25,27,30,20,31,27,6,6,33,4,5,14,32,9,1,28,32,32,14,14,14
6,6,23,20,20,23,32,13,33,27,30,5,13,5,1,7,32,10,24,14,3,3,28,22,17,6,33,27,31,5,11,18,6,10,19,21,21,14,30,27,24,15,4,21,11,32,6,18,33,30,14,20,29,6,31,16,14,10,11,15,22,24,1,3,9,5,22,20,5,22,32,15,1,18,33,7,27,20,0,3,23,18,6,14,5,1,12,20,26,10,1,31,11,15,14,30,6,6,24,20,15,6,5,14,31,8,25,20,33,15,5,29,15,16,33,23,5,22,11,21,15,5,16,22,12,5,6,18,22,12,4,32,20,1,13,18,25,11,3,16,9,21,9,17,24,4,21,5,15,32,5,14,22,16,34,24,27,33,17,25,9,20,16,6,32,18,20,19,14,20,9,21,9,5,26,15,15,17,10,21,14,30,25,6,11,6,16,21,18,1,10,22,21,1,14,33,15,27,13,0,33,27,20,33,33,10,20,21,5,29,1,24,18,11,20,6,19,20,16,22,5,15,14,1,15,14,12,28,32,1,11,6,14,1,16,5,32,28,15,22,14,6,14,13,32,27,22,14,5,20,1,23,20,3,32,17,12,11,32,20,22,11,1,14,6,32,5,31,1,33,17,22,24,27,1,11,12,24,15,13,18,10,32,20,33,1,21,22,19,10,17,33,18,21,31,20,12,20,27,24,30,20,5,23,20,24,34,14,5,16,33,18,15,15,30,8,5,16,21,17,15,23,20,5,20,1,33,20,16,4,21,14,33,6,13,24,1,6,23,11,33,5,16,17,3,6,19,11,15,18,5,10,16,14,1,7,16,5,15,30,14,28,5,11,16,20,15,1,6,32,3,17,23,6,5,1,32,5,23,9,1,20,15,20,20,20,20,19,31,20,34,3,5,24,6,21,24,6,11,22,24,2,4,21,23,17,6,23,20,13,6,34,31,1,30,25,17,14,5,15,22,20,20,33,5,16,14,20,27,6,6,1,1,16,20,5,14,5,19,29,11,2,20,13,31,22,25,20,14,18,9,6,14,18,1,21,20,15,33,5,22,24,20,21,5,14,21,5,23,5,21,10,23,27,23,17,15,14,20,20,33,3,29,24,14,4,24,15,14,9,9,21,1,33,11,14,16,6,1,24,27,5,6,22,31,31,6,11,16,1,18,3,23,11,6,1,18,22,6,18,15,9,33,14,2,23,15,32,25,33,22,21,5,25,24,16,16,33,14,6,11,11,27,6,20,1,20,32,8,11,6,31,21,27,14,23,22,12,16,21,33,32,16,11,27,30,33,32,15,22,14,22,15,22,5,23,23,23,19,22,20,6,5,6,14,15,30,13,6,11,21,18,28,25,23,7,31,19,5,15,16,9,19,9,11,1,15,33,32,1,22,6,32,22,15,1,14,17,8,19,6,1,18,25,24,20,1,11,20,23,9,6,24,21,15,16,22,17,18,17,6,25,11,6,23,6,5,5,8,3,20,20,32,14,9,22,6,14,24,24,14,5,6,15,26,1,5,22,20,20,27,32,6,23,26,9,16,5,11,29,14,20,17,15,32,22,19,9,31,21,1,31,1,7,3,13,21,5,1,0,22,25,23,6,14,22,22,10,2,22,13,32,5,13,9,22,20,11,30,6,1,14,32,33,20,24,13,1,6,21,11,25,1,1,26,4,9,23,20,15,10,1,1,30,20,1,15,4,3,14,25,21,5,16,23,31,26,18,33,6,6,8,27,5,23,19,16,1,28,20,11,18,2,20
